1,1021101,"ORG2010375","特力樂活有機黑豆","特力股份有限公司","臺北市內湖區新湖三路號","MOA","ND","特力屋股份有限公司臺北縣土城市青雲路號樓",
2,1021101,"ORG2010376","桃米泉頂級有機蔭油膏","甘寶生物科技有限公司","南投市東山里東山路號","COAA","ND","特力屋股份有限公司臺北縣土城市青雲路號樓",
3,1021101,"ORG2010377","有機糙米粉","源順食品有限公司","雲林縣虎尾鎮文科路號","采園生態驗證有限公司","ND","特力屋股份有限公司臺北縣土城市青雲路號樓",
4,1021105,"ORG2010378","有機不飽和葵花油","青荷國際有限公司","桃園市建國路號","Bio Inspecta","ND","聖德科斯板橋中山門市新北市板橋區中山路段之號",
5,1021105,"ORG2010379","有機第一道冷壓橄欖油","青荷國際有限公司","桃園市建國路號","Bio Inspecta","ND","聖德科斯板橋中山門市新北市板橋區中山路段之號",
6,1021105,"ORG2010380","有機初榨冷壓橄欖油","智慧有機體股份有限公司","臺北市南京東路段號","CAAE","ND","聖德科斯板橋中山門市新北市板橋區中山路段之號",
7,1021105,"ORG2010381","德國有機腰果燕麥片","智慧有機體股份有限公司","臺北市南京東路段號","BCS Oko-Garantie GmbH","ND","聖德科斯板橋中山門市新北市板橋區中山路段之號",
8,1021105,"ORG2010382","有機糙米粉","元豪食品有限公司","臺中市大仁街號","COAA","ND","聖德科斯板橋中山門市新北市板橋區中山路段之號",
9,1021106,"ORG2010373","有機洋扁豆","擁潔股份有限公司","臺北市西園路段號","UCS","ND","綠色大帝股份有限公司新北市板橋區民族里漢生東路號",
10,1021106,"ORG2010374","有機古早黑糖","擁潔股份有限公司","臺北市西園路段號","UCS","ND","綠色大帝股份有限公司新北市板橋區民族里漢生東路號",
11,1021106,"ORG2010384","有機香菇素蠔油","喜樂愛之泉有限公司","臺中市北區文祥街號","TOC","ND","綠色大帝股份有限公司新北市板橋區民族里漢生東路號",
12,1021106,"ORG2010385","有機亞麻仁子","擁潔股份有限公司","臺北市西園路段號","UCS","ND","綠色大帝股份有限公司新北市板橋區民族里漢生東路號",
13,1021108,"ORG2010383","有機純黑櫻桃果汁","力象股份有限公司","臺北市南港區三重路號之","Quality Certification Services","ND","統健實業股份有限公司板橋國光門市新北市板橋區公館里國光路號樓",
14,1021108,"ORG2010386","統一有機胚芽麵粉","統一生機開發股份有限公司","桃園縣中壢市定寧路號樓","TOC","ND","統健實業股份有限公司板橋國光門市新北市板橋區公館里國光路號樓",
15,1021108,"ORG2010387","有機十穀奶","展康國際有機股份公司","臺中市豐原區西勢路號","UCS","ND","統健實業股份有限公司板橋國光門市新北市板橋區公館里國光路號樓",
16,1021112,"ORG2010388","義大利有機新鮮原味番茄","智慧有機體股份有限公司","臺北市南京東路段號","CCPB srl","ND","統健實業股份有限公司新北市汐止區仁愛路巷號",
17,1021112,"ORG2010389","有機草莓果醬","統一生機開發股份有限公司","桃園縣中壢市定寧路號樓","QAI","ND","統健實業股份有限公司新北市汐止區仁愛路巷號",
18,1021113,"ORG2010390","樂爸有機甜椒麵醬","駿伸企業有限公司","臺北市成功路段號","BioAgriCert","ND","柑仔店板新課",
19,1021113,"ORG2010391","史密斯有機椰子油","苗林食品有限公司","臺北市松江路巷號","CONTROL UNION CERTIFICATIONS B.V.","ND","柑仔店板新課",
20,1021113,"ORG2010392","有機冷壓葵花籽油","有幾園生物科技（股）公司","臺中市梧棲區港埠路段號","BioAgriCert S.r.l.","ND","柑仔店板新課",
21,1021113,"ORG2010393","好鮮有機黑醋栗汁","活力陽光企業有限公司","屏東縣潮州鎮榮吉街號","LACON GmbH","ND","柑仔店板新課",
22,1021113,"ORG2010394","好鮮有機紅蘿蔔汁","活力陽光企業有限公司","屏東縣潮州鎮榮吉街號","LACON GmbH","ND","柑仔店板新課",
23,1021113,"ORG2010395","好鮮有機蘋果汁","清淨生活有限公司","屏東縣潮州鎮新生路號","LACON GmbH","ND","柑仔店板新課",
24,1021122,"ORG2010408","有機黑苺紅石榴果醬","統一生機開發股份有限公司","桃園縣中壢市定寧路號樓","QAI","ND","統健實業股份有限公司新莊中和新北市新莊區中和街巷號",
25,1021122,"ORG2010409","德國有機甜菜根糖蜜","智慧有機體股份有限公司","臺北市南京東路段號","BCS Oko-Garantie GmbH","ND","統健實業股份有限公司新莊中和新北市新莊區中和街巷號",
26,1021122,"ORG2010410","德國有機顆粒花生醬","智慧有機體股份有限公司","臺北市南京東路段號","BCS Oko-Garantie GmbH","ND","統健實業股份有限公司新莊中和新北市新莊區中和街巷號",
27,1021122,"ORG2010411","頂客坊有機藍莓水果抹醬","保灃國際股份有限公司","臺北市中山區中山北路段巷號樓","QAI","ND","統健實業股份有限公司新莊中和新北市新莊區中和街巷號",
28,1021122,"ORG2010412","頂客坊有機覆盆子水果抹醬","保灃國際股份有限公司","臺北市中山區中山北路段巷號樓","QAI","ND","統健實業股份有限公司新莊中和新北市新莊區中和街巷號",
29,1021122,"ORG2010413","歐芙有機檸檬汁","有幾園生物科技（股）公司","臺中市梧棲區港埠路段號","BioAgriCert S.r.l.","ND","統健實業股份有限公司新莊中和新北市新莊區中和街巷號",
30,1021125,"ORG2010414","有機紅巴薩米克醋","智慧有機體股份有限公司","臺北市南京東路段號","CAAE","ND","柑仔店板新課",
31,1021125,"ORG2010415","有機小麥","擁潔股份有限公司","臺北市西園路段號","UCS","ND","柑仔店板新課",
32,1021125,"ORG2010416","有機黑麥","擁潔股份有限公司","臺北市西園路段號","UCS","ND","柑仔店板新課",
33,1021125,"ORG2010417","有機黃豆粉","元豪食品有限公司","臺中市大仁街號","COAA","ND","柑仔店板新課",
34,1021125,"ORG2010418","有機黑豆粉","元豪食品有限公司","臺中市大仁街號","COAA","ND","柑仔店板新課",
35,1021125,"ORG2010419","有機豆漿（無糖）","萬里香食品廠","桃園縣大溪鎮中央路號","UCS","ND","柑仔店板新課",
36,1021125,"ORG2010420","有機豆漿（微甜）","萬里香食品廠","桃園縣大溪鎮中央路號","UCS","ND","柑仔店板新課",
37,1021125,"ORG2010421","有機黑豆漿","萬里香食品廠","桃園縣大溪鎮中央路號","UCS","ND","柑仔店板新課",
38,1021125,"ORG2010422","有機什錦珍果麥片","簡單生活開發有限公司","新竹縣竹北市成功六街號","TOC","ND","柑仔店板新課",
39,1021126,"ORG2010423","脆食代有機燕麥片（水果口味）","廣博實業股份有限公司","臺北市南港區園區街號樓之","F厤evareregion 喒t","ND","棉花田生機園地股份有限公司新北市板橋區文化路一段號樓",
40,1021126,"ORG2010424","有機楓糖漿","廣博實業股份有限公司","臺北市南港區園區街號樓之","ECOCERT CANADA","ND","棉花田生機園地股份有限公司新北市板橋區文化路一段號樓",
41,1021126,"ORG2010425","那司克有機黑巧克力醬","廣博實業股份有限公司","臺北市南港區園區街號樓之","Skal","ND","棉花田生機園地股份有限公司新北市板橋區文化路一段號樓",
42,1021126,"ORG2010426","佳瓦那有機檸檬碳酸果汁","廣博實業股份有限公司","臺北市南港區園區街號樓之","ECOCERT ITALIA S.r.l.","ND","棉花田生機園地股份有限公司新北市板橋區文化路一段號樓",
43,1021126,"ORG2010427","有機初榨冷壓亞麻仁油","廣博實業股份有限公司","臺北市南港區園區街號之","ABCERT AG","ND","棉花田生機園地股份有限公司新北市板橋區文化路一段號樓",
44,1021128,"ORG2010434","有機紅薏仁","柑仔店股份有限公司","新竹市光復路段號","TOC","ND","柑仔店板新課",
45,1021128,"ORG2010435","有機黑豆","柑仔店股份有限公司","新竹市光復路段號","TOC","ND","柑仔店板新課",
46,1021128,"ORG2010436","有機綠豆","柑仔店股份有限公司","新竹市光復路段號","TOC","ND","柑仔店板新課",
47,1021128,"ORG2010437","有機亞麻仁籽","正原有機國際有限公司","新北市板橋區信義路巷號","FSII","ND","柑仔店板新課",
48,1021128,"ORG2010438","義大利有機新鮮番茄濃汁","智慧有機體股份有限公司","臺北市南京東路段號","CCPB srl","ND","柑仔店板新課",
49,1021128,"ORG2010439","德國有機冷壓初榨亞麻仁油","智慧有機體股份有限公司","臺北市南京東路段號","BCS Oko-Garantie GmbH","ND","柑仔店板新課",
50,1021128,"ORG2010440","有機德國蘋果醋","擁潔股份有限公司","臺北市西園路段號","BCS Oko-Garantie GmbH","ND","柑仔店板新課",
51,1021128,"ORG2010441","有機胡蘿蔔汁","擁潔股份有限公司","臺北市西園路段號","Ecocert Deutschland GmbH","ND","柑仔店板新課",
52,1021128,"ORG2010442","有機砂糖","擁潔股份有限公司","臺北市西園路段號","UCS","ND","柑仔店板新課",
53,1021128,"ORG2010443","有機砂糖","萬里香食品廠","桃園縣大溪鎮中央路號","UCS","ND","柑仔店板新課",
54,1021128,"ORG2010444","有機綜合穀片","雅辰貿易有限公司","新北市汐止區南陽街號","Prufverein Verarbeitung okologische Landbauprodukte e.V.","ND","柑仔店板新課",
55,1021128,"ORG2010445","拉里歐有機頂級初榨橄欖油","德香寧貿易有限公司","新竹縣寶山鄉雙溪村湳坑路段巷弄號","ICEA","ND","柑仔店板新課",
56,1021129,"ORG2010449","有機清新檸檬大麥芽汁","擁潔股份有限公司","臺北市西園路段號","BCS Oko-Garantie GmbH","ND","綠色大帝股份有限公司新北市板橋區民族里漢生東路號",
57,1021129,"ORG2010450","有機鮮橙汽泡礦泉水","擁潔股份有限公司","臺北市西園路段號","BCS Oko-Garantie GmbH","ND","綠色大帝股份有限公司新北市板橋區民族里漢生東路號",
58,1021129,"ORG2010451","有機檸檬汽泡礦泉飲","擁潔股份有限公司","臺北市西園路段號","BCS Oko-Garantie GmbH","ND","綠色大帝股份有限公司新北市板橋區民族里漢生東路號",
59,1021129,"ORG2010452","有機可樂汽泡礦泉飲","擁潔股份有限公司","臺北市西園路段號","BCS Oko-Garantie GmbH","ND","綠色大帝股份有限公司新北市板橋區民族里漢生東路號",
60,1021129,"ORG2010453","有機烤大蒜蕃茄義大利麵醬","一語堂國際貿易有限公司","新北市林口區工九路號","QAI","ND","聖德科斯板橋中山門市新北市板橋區中山路段之號",
61,1021129,"ORG2010454","有機羅勒蕃茄義大利麵醬","一語堂國際貿易有限公司","新北市林口區工九路號","QAI","ND","聖德科斯板橋中山門市新北市板橋區中山路段之號",
62,1021129,"ORG2010455","有機磨菇蕃茄義大利麵醬","一語堂國際貿易有限公司","新北市林口區工九路號","QAI","ND","聖德科斯板橋中山門市新北市板橋區中山路段之號",
63,1021129,"ORG2010456","有機純黑櫻桃果汁","力象股份有限公司","臺北市南港區三重路號之","QCS","ND","聖德科斯板橋中山門市新北市板橋區中山路段之號",
64,1021129,"ORG2010457","早晨榮耀有機黑棗黑梅汁","力象股份有限公司","臺北市南港區三重路號之","QAI","ND","聖德科斯板橋中山門市新北市板橋區中山路段之號",
65,1021129,"ORG2010458","有機蘋果汁","味榮食品工業股份有限公司","臺中市豐原區西勢路號","UCS","ND","聖德科斯板橋中山門市新北市板橋區中山路段之號",
66,1021129,"ORG2010459","德國有機莓果燕麥片","智慧有機體股份有限公司","臺北市南京東路段號","BCS Oko-Garantie GmbH","ND","聖德科斯板橋中山門市新北市板橋區中山路段之號",
67,1021106,"ORG2030283","有機綠豆芽","陳佑源（自然世淨）","臺中市后里區后里里三豐路巷號樓","UCS","ND","全聯實業股份有限公司臺中復興分公司臺中市南區復興路段號",
68,1021106,"ORG2030284","有機葵瓜子","綠指南貿易有限公司","新北市板橋區信義路巷號樓","FSII","ND","全聯實業股份有限公司臺中復興分公司臺中市南區復興路段號",
69,1021106,"ORG2030285","有機紅豆","日正食品工業股份有限公司","臺北市文山區萬芳路號南投市自強三路號","MOA","ND","全聯實業股份有限公司臺中復興分公司臺中市南區復興路段號",
70,1021106,"ORG2030302","有機櫻桃原汁","擁潔股份有限公司","臺北市西園路段號","Ecocert Deutschland GmbH","ND","吉笙健康科技股份有限公司昌平分公司臺中市北屯區昌平路段號樓",
71,1021106,"ORG2030303","有機全麥麵粉","生機百饌有限公司","臺中市潭子區大愛路段巷號","FSII","ND","吉笙健康科技股份有限公司昌平分公司臺中市北屯區昌平路段號樓",
72,1021106,"ORG2030304","有機速凍混合蔬菜","綠邦食品生技（股）公司","臺中市北屯區安順東七街號","ECOCERT","ND","吉笙健康科技股份有限公司昌平分公司臺中市北屯區昌平路段號樓",
73,1021106,"ORG2030305","有機進口安寶西亞蘋果","有機會國際行銷有限公司","桃園縣平鎮市金陵路段巷號","UCS","ND","吉笙健康科技股份有限公司昌平分公司臺中市北屯區昌平路段號樓",
74,1021113,"ORG2030317","有機大紅棗","統一生機開發股份有限公司","桃園縣中壢市定寧路號樓","TOAF","ND","中友百貨（股）公司臺中市北區三民路段號",
75,1021113,"ORG2030318","波畢爾有機托斯卡尼白麥彎捲麵","一語堂國際貿易有限公司","新北市林口區工九路號","BioAgriCert","ND","中友百貨（股）公司臺中市北區三民路段號",
76,1021113,"ORG2030319","有機亞麻子","康萊爾國際企業有限公司","臺北市復興北路號樓之","Soil Association Certification","ND","中友百貨（股）公司臺中市北區三民路段號",
77,1021113,"ORG2030320","義大利有機白腰豆","一語堂國際貿易有限公司","新北市林口區工九路號","CCPB srl","ND","中友百貨（股）公司臺中市北區三民路段號",
78,1021113,"ORG2030321","樂爸有機磨菇麵醬","駿伸企業有限公司","臺北市成功路段號","BioAgriCert","ND","中友百貨（股）公司臺中市北區三民路段號",
79,1021113,"ORG2030322","有機切丁蔬菜番茄醬（沙司）","雅誼有限公司","臺北市中山北路段號","CCPB srl","ND","中友百貨（股）公司臺中市北區三民路段號",
80,1021113,"ORG2030323","有機蔓越莓醬","惠康百貨股份有限公司","臺北市士林區華齡街號","Soil Association Certification","ND","中友百貨（股）公司臺中市北區三民路段號",
81,1021113,"ORG2030324","有機條狀燕麥片","曙商實業股份有限公司","臺北市和平東路段巷號樓","QAI","ND","中友百貨（股）公司臺中市北區三民路段號",
82,1021113,"ORG2030325","義大利有機羅勒青醬","一語堂國際貿易有限公司","新北市林口區工九路號","CCPB srl","ND","中友百貨（股）公司臺中市北區三民路段號",
83,1021113,"ORG2030326","蘇菲亞有機希臘紅酒甜醋","汎岳國際有限公司","臺中市南屯區大墩路號","DIO","ND","中友百貨（股）公司臺中市北區三民路段號",
84,1021113,"ORG2030327","有機印度淡麥酒","惠康百貨股份有限公司","臺北市士林區華齡街號","Soil Association Certification","ND","中友百貨（股）公司臺中市北區三民路段號",
85,1021113,"ORG2030328","有機白酒醋","擁潔股份有限公司","臺北市西園路段號","Q Certificazionl S.r.l.","ND","中友百貨（股）公司臺中市北區三民路段號",
86,1021113,"ORG2030329","有機春天綜合生菜（盒）","尚農實業有限公司","新北市中和區景平路號樓","QAI","ND","中友百貨（股）公司臺中市北區三民路段號",
87,1021113,"ORG2030330","鑑賞家有機卡本內蘇維翁卡門內紅酒","長賀興業股份有限公司","臺北市一江街號樓","BCS Oko-Garantie GmbH","ND","中友百貨（股）公司臺中市北區三民路段號",
88,1021113,"ORG2030331","有機未漂白高筋麵粉","曙商實業股份有限公司","臺北市和平東路段巷號樓","QAI","ND","中友百貨（股）公司臺中市北區三民路段號",
89,1021113,"ORG2030332","特等夏多內灰皮諾有機白葡萄酒","一語堂國際貿易有限公司","臺北縣林口鄉工二區工九路號","OIA","ND","中友百貨（股）公司臺中市北區三民路段號",
90,1021113,"ORG2030333","冠拉維塔有機特級橄欖油","岡達國際有限公司","臺北市重慶南路段號樓之","ICEA","ND","中友百貨（股）公司臺中市北區三民路段號",
91,1021120,"ORG2030350","有機轉型期長秈白米","青田農產有限公司花蓮縣富里鄉有機米產銷班第二班","花蓮縣富里鄉富里村和平街號花蓮縣富里鄉富里村公埔路段號","TOC","ND","里仁事業股份有限公司東勢分公司臺中市東勢區中山路號",
92,1021120,"ORG2030351","有機八寶米","吉祥農產行","嘉義鄉民雄鄉中和村鄰原吉仔號","TOC","ND","里仁事業股份有限公司東勢分公司臺中市東勢區中山路號",
93,1021127,"ORG2030374","純有機秈香米","嘉義縣太保市農會有機米產銷班","嘉義縣太保市太保里鄰號","TOC","ND","里仁事業股份有限公司臺中市太平區宜昌路號",
94,1021127,"ORG2030387","有機糙米","億東企業股份有限公司","臺北市萬華區西昌街號樓之新北市泰山區新五路一段號","TOPA","ND","全聯實業（股）公司太平宜昌分公司臺中市太平區宜昌路號樓",
95,1021105,"ORG2070194","義大利有機冷壓葵花油","統一生機開發股份有限公司","桃園縣中壢市定寧路號樓","BioAgriCert","ND","統一生機購物網（網購）",
96,1021105,"ORG2070195","義大利有機頂級冷壓橄欖油","統一生機開發股份有限公司","桃園縣中壢市定寧路號樓","BioAgriCert","ND","統一生機購物網（網購）",
97,1021106,"ORG2070199","歐芙有機檸檬汁","有幾園生物科技（股）公司","臺中市梧棲區港埠路段號","BioAgriCert S.r.l.","ND","鄉情有機商行桃園縣中壢市中北路段號",
98,1021106,"ORG2070200","有機諾麗果發酵純液","曜暄實業有限公司","臺北市信義路段號","Australian Certified Organic","ND","鄉情有機商行桃園縣中壢市中北路段號",
99,1021106,"ORG2070203","有機冷壓亞麻仁籽油","有幾園生物科技（股）公司","臺中市梧棲區港埠路段號","BioAgriCert S.r.l.","ND","鄉情有機商行桃園縣中壢市中北路段號",
100,1021128,"ORG2070207","有機小白菜","青綠緣生物科技有限公司","桃園縣龍潭鄉凌雲村聖亭路號","UCS","ND","青綠緣生物科技有限公司桃園縣龍潭鄉凌雲村聖亭路號",
101,1021127,"ORG2100106","有機小米","擁潔股份有限公司","臺北市西園路段號","UCS","ND","邁進行彰化縣員林鎮育英路號",
102,1021127,"ORG2100107","有機鮮榨純蔓越莓汁","統一生機開發股份有限公司","桃園縣中壢市定寧路號樓","Ecocert","ND","邁進行彰化縣員林鎮育英路號",
103,1021127,"ORG2100108","有機長秈糙米","花蓮縣富里鄉有機米產銷班第班","花蓮縣富里鄉學田村鄰民權路號","中華驗證有限公司","ND","邁進行彰化縣員林鎮育英路號",
104,1021127,"ORG2100109","德國有機冷壓初榨亞麻仁油","智慧有機體股份有限公司","臺北市南京東路段號","BCS Oko-Garantie GmbH","ND","邁進行彰化縣員林鎮育英路號",
105,1021127,"ORG2100110","喜又美有機甘蔗糖蜜","麥申貿易有限公司","臺北市福德街號樓","TOAF","ND","邁進行彰化縣員林鎮育英路號",
106,1021114,"ORG2110057","有機黃豆","喜樂愛之泉有限公司","臺中市北區文祥街號","TOC","ND","無毒的家南投店南投縣南投市建國路號",
107,1021114,"ORG2110058","有機包心白菜","邱松榮","苗栗縣通霄鎮城南里鄰號","TOPA","ND","無毒的家南投店南投縣南投市建國路號",
108,1021114,"ORG2110059","阿忠農場水果小黃瓜","張仁忠","臺中市新社區復盛里華豐街號","NCHU","ND","無毒的家南投店南投縣南投市建國路號",
109,1021114,"ORG2110060","有機青椒","顏金燢","臺中市潭子區中山路段巷弄號樓","UCS","ND","無毒的家南投店南投縣南投市建國路號",
110,1021114,"ORG2110061","有機老薑","松林梅農產行","臺中市潭子區中山路段巷弄號樓","UCS","ND","無毒的家南投店南投縣南投市建國路號",
111,1021118,"ORG2110062","有機紅蘿蔔","邱振昌","雲林縣元長鄉新吉村號","TOPA","ND","達康生機天然養生館草屯鎮虎山路號",
112,1021118,"ORG2110063","有機蘆筍","原味蕃薯園（楊協翰）","雲林縣二崙鄉楊賢村楊賢路號","NCHU","ND","達康生機天然養生館草屯鎮虎山路號",
113,1021118,"ORG2110064","有機青椒","邱永盛","雲林縣元長鄉新吉村號","TOPA","ND","達康生機天然養生館草屯鎮虎山路號",
114,1021118,"ORG2110065","有機黑芝麻粉","辰誼有限公司","臺中市北屯區長生巷號","TOC","ND","達康生機天然養生館草屯鎮虎山路號",
115,1021118,"ORG2110066","有機奇異果（綠）","鳴和實業有限公司","彰化縣永靖鄉竹子村竹西巷號","UCS","ND","達康生機天然養生館草屯鎮虎山路號",
116,1021118,"ORG2110067","美國有機黃洋蔥","三崧貿易有限公司","臺中市潭子區中山路段巷弄號樓","UCS","ND","達康生機天然養生館草屯鎮虎山路號",
117,1021118,"ORG2110068","琦順有機亞麻籽","琦順國際企業有限公司","彰化縣永靖鄉竹子村竹西巷號","UCS","陶斯松撲滅松","達康生機天然養生館草屯鎮虎山路號",
118,1021118,"ORG2110069","義大利有機新鮮原味番茄濃汁","智慧有機體股份有限公司","臺北市南京東路段號","CCPB srl","ND","達康生機天然養生館草屯鎮虎山路號",
119,1021121,"ORG2110074","銀川有機圓糯白米","花蓮縣富里鄉有機米產銷班第二班","花蓮縣富里鄉公埔路段號","TOAF","ND","里仁事業股份有限公司中正店南投縣草屯鎮中正路號",
120,1021121,"ORG2110075","天生香有機糙米","菩提有機食品工廠","嘉義縣民雄鄉文隆村鄰鴨母號","TOC","ND","里仁事業股份有限公司中正店南投縣草屯鎮中正路號",
121,1021121,"ORG2110076","甜柿有機","福業國際股份有限公司","臺北市松山區南京東路段號樓之","TOC","ND","里仁事業股份有限公司中正店南投縣草屯鎮中正路號",
122,1021121,"ORG2110077","可美特有機番茄汁","香港商香港弘景企業有限公司台灣分公司","臺南市新市區港漧里興業路號","TOC","ND","里仁事業股份有限公司中正店南投縣草屯鎮中正路號",
123,1021121,"ORG2110078","油菜有機","陳金川（金品有機農場）","嘉義縣民雄鄉豐收村好收十鄰之號","TOC","ND","里仁事業股份有限公司中正店南投縣草屯鎮中正路號",
124,1021121,"ORG2110079","有機發芽無糖黃豆漿（純素）","稻屋生機廚坊","臺中市大昌街巷號","TOC","ND","里仁事業股份有限公司中正店南投縣草屯鎮中正路號",
125,1021125,"ORG2110082","有機黃豆","生機百饌有限公司","臺中市潭子區大愛路段巷號","FSII","ND","崧惠屋南投縣草屯鎮虎山路號",
126,1021125,"ORG2110083","德米得自然活力有機根菜汁（乳酸菌發酵）","德米得企業有限公司","新北市板橋區吳鳳路巷號","Prufverein Verarbeitung","ND","崧惠屋南投縣草屯鎮虎山路號",
127,1021125,"ORG2110084","芬蘭有機即食大燕麥片","葆祥實業有限公司","新北市鶯歌區中正三路巷號","TOAF","ND","崧惠屋南投縣草屯鎮虎山路號",
128,1021101,"ORG2140107","有機長秈白米","泉順食品企業股份有限公司","苗栗縣苑裡鎮溪頭玉田里號","TOAF","ND","統一有機健康超市屏東市中正路號",
129,1021101,"ORG2140108","有機蕃茄醬","統一生機開發股份有限公司","桃園縣中壢市定寧路號樓","TOC","ND","統一有機健康超市屏東市中正路號",
130,1021101,"ORG2140109","香辣有機豆腐乳","尚鴻生物科技股份有限公司","新北市新莊區中正路新雅巷弄號樓","UCS","ND","統一有機健康超市屏東市中正路號",
131,1021101,"ORG2140117","有機全穀大麥片","綠指南貿易有限公司","新北市板橋區信義路巷號樓","FSII","ND","樺園有機店屏東市大武里永大路號",
132,1021101,"ORG2140118","有機長秈糙米","信安糧食行（副理有機米產銷班第一班）","花蓮縣富里鄉學田路鄰民權路號","COAA","ND","樺園有機店屏東市大武里永大路號",
133,1021101,"ORG2140119","有機黑糖","元氣工坊生機事業有限公司","臺南市永康區大灣路巷弄號","中華驗證有限公司","ND","楞嚴生機園屏東市中正路號",
134,1021101,"ORG2140120","有機甘栗仁","有機園生物科技股份有限公司","臺中市梧棲區港埠路段號","BCS","ND","楞嚴生機園屏東市中正路號",
135,1021101,"ORG2140123","有機豆奶","統盛國際股份有限公司","臺北市南京東路段巷號樓之","TOC","ND","里仁事業股份有限公司屏東市棒球路號樓",
136,1021101,"ORG2140124","有機純米麵","鈺統食品股份有限公司","臺北市中山區龍江路巷號樓","TOC","ND","里仁事業股份有限公司屏東市棒球路號樓",
137,1021101,"ORG2160070","統一有機原白麵粉","統一生機開發股份有限公司","桃園縣中壢市定寧路號樓","TOC","ND","新鮮葉仔樂活休閒館花蓮市國華里鄰林森路、號",
138,1021101,"ORG2160072","有機蕎麥仁","統一生機開發股份有限公司","桃園縣中壢市定寧路號樓","TOC","ND","新鮮葉仔樂活休閒館花蓮市國華里鄰林森路、號",
139,1021101,"ORG2160075","有機燕麥","台灣天然成企業有限公司","高雄市三民區大港街號","QAI","ND","新鮮葉仔樂活休閒館花蓮市國華里鄰林森路、號",
140,1021101,"ORG2160076","有機珍珠麥","台灣天然成企業有限公司","高雄市三民區大港街號","QAI","ND","新鮮葉仔樂活休閒館花蓮市國華里鄰林森路、號",
141,1021101,"ORG2160085","有機甘栗仁（去殼）","有機園生物科技股份有限公司","臺中市梧棲區港埠路段號","BCS","ND","壽豐鄉農會豐華再現館花蓮縣壽豐鄉豐坪村豐坪路段號",
142,1021107,"ORG2160089","有機黑豆","綠指南貿易有限公司","新北市板橋區信義路巷號樓","FSII","ND","最初幸福商行花蓮市中正路號",
143,1021101,"ORG2160090","有機高筋麵粉","春橋田股份有限公司","高雄市苓雅區憲政路號","MOA","ND","最初幸福商行花蓮市中正路號",
144,1021101,"ORG2160091","有機低筋麵粉","春橋田股份有限公司","高雄市苓雅區憲政路號","MOA","ND","最初幸福商行花蓮市中正路號",
145,1021101,"ORG2160092","優⽁穀坊有機葵瓜子","綠指南貿易有限公司","新北市板橋區信義路巷號樓","FSII","ND","最初幸福商行花蓮市中正路號",
146,1021101,"ORG2160093","有機黃豆","擁潔股份有限公司","臺北市西園路段號","UCS","ND","最初幸福商行花蓮市中正路號",
147,1021101,"ORG2160094","有機綠豆","春橋田股份有限公司","高雄市苓雅區憲政路號","MOA","ND","最初幸福商行花蓮市中正路號",
148,1021107,"ORG2160095","優⽁穀坊有機小米","綠指南貿易有限公司","新北市板橋區信義路巷號樓","FSII","ND","最初幸福商行花蓮市中正路號",
149,1021107,"ORG2160096","有機綠豆薏仁","海力捷國際開發股份有限公司","新北市中和區中正路段巷號樓","COAA","ND","最初幸福商行花蓮市中正路號",
150,1021101,"ORG2160097","優⽁穀坊有機亞麻仁籽","綠指南貿易有限公司","新北市板橋區信義路巷號樓","FSII","ND","最初幸福商行花蓮市中正路號",
151,1021101,"ORG2160098","有機小薏仁","綠指南貿易有限公司","新北市板橋區信義路巷號樓","FSII","ND","最初幸福商行花蓮市中正路號",
152,1021101,"ORG2160100","有機綠豆","簡單生活開發有限公司","新竹縣竹北市成功六街號","TOC","ND","花蓮市農會自強生鮮超級市場花蓮市富國路號",
153,1021101,"ORG2160101","有機黃豆","簡單生活開發有限公司","新竹縣竹北市成功六街號","TOC","ND","花蓮市農會自強生鮮超級市場花蓮市富國路號",
154,1021101,"ORG2160102","有機紅豆","簡單生活開發有限公司","新竹縣竹北市成功六街號","TOC","ND","花蓮市農會自強生鮮超級市場花蓮市富國路號",
155,1021101,"ORG2160103","有機超大紅棗","有幾園生物科技（股）公司","臺中市梧棲區港埠路段號","TOC","ND","花蓮市農會自強生鮮超級市場花蓮市富國路號",
156,1021101,"ORG2160104","有機黑豆（青仁）","活力廚房有限公司","新北市瑞芳區中山路巷號","TOC","ND","花蓮市農會自強生鮮超級市場花蓮市富國路號",
157,1021101,"ORG2160105","有機亞麻仁籽","有幾園生物科技（股）公司","臺中市梧棲區港埠路段號","TOC","ND","花蓮市農會自強生鮮超級市場花蓮市富國路號",
158,1021101,"ORG2160106","有機麵條","一慶食品廠","桃園縣大園鄉大觀路號","TOC","ND","花蓮市農會自強生鮮超級市場花蓮市富國路號",
159,1021101,"ORG2160107","有機綠藻麵條","一慶食品廠","桃園縣大園鄉大觀路號","TOC","ND","花蓮市農會自強生鮮超級市場花蓮市富國路號",
160,1021101,"ORG2160108","有機家常麵條","一慶食品廠","桃園縣大園鄉大觀路號","TOC","ND","花蓮市農會自強生鮮超級市場花蓮市富國路號",
161,1021101,"ORG2160109","美國有機富士蘋果袋裝","統一生機開發股份有限公司","桃園縣中壢市定寧路號樓","TOC","ND","花蓮市農會自強生鮮超級市場花蓮市富國路號",
162,1021101,"ORG2160110","有機燕麥奶及天然海藻鈣","宏常有限公司","臺北市長春路號樓","CCPAE","ND","花蓮市農會自強生鮮超級市場花蓮市富國路號",
163,1021101,"ORG2160114","萊瑞有機橄欖油","宏常有限公司","臺北市長春路號樓","SERVICIO DE CERTIFICACION CAAE","ND","花蓮市農會自強生鮮超級市場花蓮市富國路號",
164,1021101,"ORG2160115","聖多美有機橄欖油","勝玲津有限公司","臺北市長春路號樓之","ICEA","ND","花蓮市農會自強生鮮超級市場花蓮市富國路號",
165,1021101,"ORG2160116","蘿蔓利有機橄欖油","宏常有限公司","臺北市長春路號樓","CCPAE","ND","花蓮市農會自強生鮮超級市場花蓮市富國路號",
166,1021101,"ORG2160117","有機藍苺綜合果汁","宏常有限公司","臺北市長春路號樓","SGS Austria Controll-Co. GmbH","ND","花蓮市農會自強生鮮超級市場花蓮市富國路號",
167,1021101,"ORG2160120","有機紅糯糙米","民豐有機農場（宜蘭縣礁溪鄉有機米產銷班第一班）","宜蘭縣礁溪鄉吳沙村四結路之號","TOAF","ND","古鎮洋行花蓮市中美路號樓",
168,1021101,"ORG2160121","有機黑糯糙米","民豐有機農場（宜蘭縣礁溪鄉有機米產銷班第一班）","宜蘭縣礁溪鄉吳沙村四結路之號","TOAF","ND","古鎮洋行花蓮市中美路號樓",
169,1021101,"ORG2160122","有機亞麻籽仁","台灣天然成企業有限公司","高雄市三民區大港街號","QAI","陶斯松撲滅松","古鎮洋行花蓮市中美路號樓",
170,1021101,"ORG2160123","有機小米","台灣天然成企業有限公司","高雄市三民區大港街號","QAI","撲滅松","古鎮洋行花蓮市中美路號樓",
171,1021101,"ORG2160124","有機三色螺旋麵","一語堂國際貿易有限公司","新北市林口區工九路號","CCPB","ND","統健實業股份有限公司吉安康聖門市花蓮縣吉安鄉北昌村自強路號樓",
172,1021101,"ORG2160125","有機螺旋麵","一語堂國際貿易有限公司","新北市林口區工九路號","CCPB","ND","統健實業股份有限公司吉安康聖門市花蓮縣吉安鄉北昌村自強路號樓",
173,1021101,"ORG2160126","有機細麵","一語堂國際貿易有限公司","新北市林口區工九路號","CCPB","ND","統健實業股份有限公司吉安康聖門市花蓮縣吉安鄉北昌村自強路號樓",
174,1021101,"ORG2160129","有機三色斜管麵","一語堂國際貿易有限公司","新北市林口區工九路號","CCPB","ND","統健實業股份有限公司吉安康聖門市花蓮縣吉安鄉北昌村自強路號樓",
1,1021002,"ORG2010341","有機葵瓜子仁","簡單生活開發有限公司","新竹縣竹北市成功六街號","TOC","合格","里仁事業股份有限公司板橋中正分公司新北市板橋區中正路號樓",
2,1021002,"ORG2010342","有機大紅棗","簡單生活開發有限公司","新竹縣竹北市成功六街號","TOC","合格","里仁事業股份有限公司板橋中正分公司新北市板橋區中正路號樓",
3,1021002,"ORG2010343","有機全麥麵粉","簡單生活開發有限公司","新竹縣竹北市成功六街號","TOC","合格","里仁事業股份有限公司板橋中正分公司新北市板橋區中正路號樓",
4,1021002,"ORG2010346","有機糙米麩","菩提有機食品工廠","嘉義縣民雄鄉文隆村鄰鴨母號","TOC","合格","里仁事業股份有限公司板橋中正分公司新北市板橋區中正路號樓",
5,1021002,"ORG2010347","有機紫米八寶粥","春喬食品公司","彰化縣員林鎮山腳路段巷號","TOC","合格","里仁事業股份有限公司板橋中正分公司新北市板橋區中正路號樓",
6,1021007,"ORG2010351","源順有機南瓜糙米米粉","源順食品有限公司","雲林縣虎尾鎮文科路號","采園生態驗證有限公司","合格","特力屋股份有限公司臺北縣土城市青雲路號樓",
7,1021007,"ORG2010352","有機亞麻紅麴麵（纖味廚坊）","三風食品工業股份有限公司","臺中市大雅區民富街號","UCS","合格","特力屋股份有限公司臺北縣土城市青雲路號樓",
8,1021025,"ORG2010363","有機黑穀寶粉","綠指南貿易有限公司","板橋區信義路巷號","FSII","合格","棉花田生機園地股份有限公司府中門市新北市板橋區文化路段號樓",
9,1021025,"ORG2010364","有機紅棗","合一生機園股份有限公司","臺北市中山區松江路巷號","TOAF","合格","棉花田生機園地股份有限公司府中門市新北市板橋區文化路段號樓",
10,1021025,"ORG2010365","脆時代有機燕麥片","廣博實業股份有限公司","臺北市南港區園區街號之","Fodevareregion Ost","合格","棉花田生機園地股份有限公司府中門市新北市板橋區文化路段號樓",
11,1021003,"ORG2020595","有機輕盈洋芋片紅椒","廣博實業股份有限公司","臺北市南港區園區街號之","Skal","合格","棉花田生機園地股份有限公司臺北市萬華區青年路號樓",
12,1021003,"ORG2020596","有機檸檬碳酸果汁","廣博實業股份有限公司","臺北市南港區園區街號之","ECOGRUPPO ITALIA S.r.l.","合格","棉花田生機園地股份有限公司臺北市萬華區青年路號樓",
13,1021003,"ORG2020600","有機芝麻","廣博實業股份有限公司","臺北市南港區園區街號之","BIOAGRICERT S.R.L","合格","棉花田生機園地股份有限公司臺北市萬華區青年路號樓",
14,1021016,"ORG2020645","昇菲有機頂級初榨橄欖油","立昇洋行有限公司","新北市板橋區貴興路號樓","Servicio de certificacion CAAE","合格","萬芳里仁臺北市文山區興隆路段號",
15,1021016,"ORG2020646","有機不飽和葵花油","青荷國際有限公司","桃園市建國路號樓","bio inspecta","合格","萬芳里仁臺北市文山區興隆路段號",
16,1021016,"ORG2020647","有機金黃葡萄乾","簡單生活開發有限公司","新竹縣竹北市成功六街號","TOC","合格","萬芳里仁臺北市文山區興隆路段號",
17,1021016,"ORG2020648","馥聚有機加州梅乾","馥聚有限公司","新北市汐止區新台五路一段號樓之","QAI","合格","萬芳里仁臺北市文山區興隆路段號",
18,1021029,"ORG2020656","加拿大有機草莓果醬","廣博實業股份有限公司","臺北市南港區園區街號樓之","QAI","合格","棉花田生機園地股份有限公司臺北市信義區忠孝東路段號樓",
19,1021029,"ORG2020660","有機黑巧克力醬","廣博實業股份有限公司","臺北市南港區園區街號樓之","Skal","合格","棉花田生機園地股份有限公司臺北市信義區忠孝東路段號樓",
20,1021029,"ORG2020678","有機杏桃果醬","大潤發流通事業股份有限公司","臺北市中山區八德路段號地下二樓","ECOCERT SAS","合格","潤泰創新國際（股）公司臺北市八德路段號",
21,1021029,"ORG2020680","有機綜合蔬菜瓶","大潤發流通事業股份有限公司","臺北市中山區八德路段號地下二樓","ECOCERT SAS","合格","潤泰創新國際（股）公司臺北市八德路段號",
22,1021002,"ORG2030240","有機義大利麵條","瑪諾蘭迦工作室","高雄市美濃區中興路段號","Suolo & Salute srl","合格","台灣主婦聯盟生活消費合作社東海站臺中市中港路段巷弄號",
23,1021002,"ORG2030241","有機素蠔油","喜樂愛之泉有限公司","臺中市北區文祥街號","TOC","合格","台灣主婦聯盟生活消費合作社東海站臺中市中港路段巷弄號",
24,1021002,"ORG2030242","主婦聯盟有機味噌","穀盛股份有限公司","嘉義縣民雄工業區中正路號","COAA","合格","台灣主婦聯盟生活消費合作社東海站臺中市中港路段巷弄號",
25,1021002,"ORG2030255","有機壺底油精","民生食品工廠","高雄市三民區昌裕街巷號","COAA","合格","台灣糖業股份有限公司量販事業部西屯量販店臺中市西屯區臺中港路段之號",
26,1021002,"ORG2030256","中華有機豆腐","中華食品實業股份有限公司","屏東縣潮州鎮介壽路號","中華驗證有限公司","合格","台灣糖業股份有限公司量販事業部西屯量販店臺中市西屯區臺中港路段之號",
27,1021021,"ORG2030258","有機黑芝麻醬","喜樂愛之泉有限公司","臺中市北區文祥街號","TOC","合格","喜樂愛之泉有限公司臺中市北區文祥街號",
28,1021021,"ORG2030259","有機香菇醬油膏","喜樂愛之泉有限公司","臺中市北區文祥街號","TOC","合格","喜樂愛之泉有限公司臺中市北區文祥街號",
29,1021031,"ORG2030274","有機黑米植物奶","禾園生物科技有限公司","嘉義竹崎鄉紫雲村鹿寮崛號","TOC","合格","莉莉安的人本有機世界學士店臺中市北屯區學士路號",
30,1021031,"ORG2030280","松鼎冷壓有機黃金亞麻仁籽油","松鼎實業股份有限公司","雲林縣虎尾鎮西屯里號","FSII","合格","統健實業股份有限公司聖德科斯臺中崇德店臺中市北區崇德路段號",
31,1021031,"ORG2030281","有機薑油","美福行","宜蘭市女中路三段號","TOC","合格","一品園天然蔬食有機生活館臺中市崇德路段號",
32,1021022,"ORG2040142","蘿董有機豆奶","羅東鎮農會食品工廠","羅東鎮倉前路號","MOA","合格","統健實業股份有限公司南門門市臺南市南門路號",
33,1021025,"ORG2050256","第一道冷壓特級有機純橄欖油","宏常有限公司","臺北市長春路號","CCPAE","合格","龍德百貨有限公司高雄縣阿蓮鄉南蓮村忠孝路號樓",
34,1021025,"ORG2050257","聖多美有機特級純橄欖油","勝玲津有限公司","臺北市長春路號樓之號","ICEA","合格","龍德百貨有限公司高雄縣阿蓮鄉南蓮村忠孝路號樓",
35,1021025,"ORG2050258","冷壓有機橄欖油","泰山企業股粉有限公司","彰化縣田中鎮興工路號","CCPAE","合格","全聯實業股份有限公司高雄縣阿蓮鄉南蓮村民族路巷號樓",
36,1021025,"ORG2050259","享活有機黑木耳露","苗栗縣農會酪農鮮乳加工廠","苗栗縣造橋鄉朝陽村中洲仔號","COAA","合格","全聯實業股份有限公司高雄縣阿蓮鄉南蓮村民族路巷號樓",
37,1021025,"ORG2050266","珍田有機大燕麥片","華宥企業有限公司","桃園市樹林七街號","TOC","合格","阿蓮有機養生館高雄縣阿離鄉中正路號",
38,1021025,"ORG2050267","有機豆漿","春喬食品興業股份有限公司","彰化縣員林鎮山腳里段巷號","TOC","合格","阿蓮有機養生館高雄縣阿離鄉中正路號",
39,1021030,"ORG2050268","有機冷壓亞麻籽油（去苦味）","青荷國際有限公司","桃園市建國路號","CCPB","合格","里仁事業股份有限公司高雄市旗山區大德里德昌路號",
40,1021030,"ORG2050269","有機不飽和葵花油","青荷國際有限公司","桃園市建國路號","bio inspecta","合格","里仁事業股份有限公司高雄市旗山區大德里德昌路號",
41,1021030,"ORG2050270","純麥有機白醬油","喜樂愛之泉有限公司","臺中市北區文祥街號","TOC","合格","里仁事業股份有限公司高雄市旗山區大德里德昌路號",
42,1021030,"ORG2050271","有機豆奶","統盛國際股份有限公司","臺北市南京東路段巷號之","TOC","合格","里仁事業股份有限公司高雄市旗山區大德里德昌路號",
43,1021030,"ORG2050272","有機葡萄柚汁","統盛國際股份有限公司","臺北市南京東路段巷號之","TOC","合格","里仁事業股份有限公司高雄市旗山區大德里德昌路號",
44,1021030,"ORG2050273","佳穎有機纖燕麥麵","鈺統食品股份有限公司","臺北市中山區龍江路巷號","TOC","合格","里仁事業股份有限公司高雄市旗山區大德里德昌路號",
45,1021001,"ORG2060112","德國有機顆粒花生醬","智慧有機體股份有限公司","臺北市南京東路段號樓之","BCS Oko-Garantie GmbH","合格","統健實業股份有限公司宜蘭中山門市宜蘭縣宜蘭市中山路二段號樓",
46,1021001,"ORG2060113","有機草莓果醬","統一生機開發股份有限公司","桃園縣中壢市定寧路號樓","QAI","合格","統健實業股份有限公司宜蘭中山門市宜蘭縣宜蘭市中山路二段號樓",
47,1021001,"ORG2060114","有機燕麥糙米米粉","源順食品有限公司","雲林縣虎尾鎮文科路號","采園生態驗證有限公司","合格","統健實業股份有限公司宜蘭中山門市宜蘭縣宜蘭市中山路二段號樓",
48,1021029,"ORG2070185","有機薄鹽醬油","喜樂愛之泉有限公司","臺中市北區文祥街號","TOC","合格","佳家自然生活館桃園縣桃園市天祥七街號",
49,1021029,"ORG2070187","有機巧克力歐蕾","簡單生活開發有限公司","新竹縣竹北市成功六街號樓桃園縣龜山鄉南上路巷號","TOC","合格","佳家自然生活館桃園縣桃園市天祥七街號",
50,1021029,"ORG2070188","有機酵素黑木耳露","大漢酵素生物科技股份有限公司","新北市板橋區四川路段巷號","采園生態驗證有限公司","合格","佳家自然生活館桃園縣桃園市天祥七街號",
51,1021029,"ORG2070189","有機白葡萄汁","德米得企業有限公司","新北市土城區慶利街號","Prufverein Verarbeitung","合格","佳家自然生活館桃園縣桃園市天祥七街號",
52,1021029,"ORG2150094","有機苦茶油","李清亮","臺東市志航路段巷號","TOC","合格","臺東市志航路段巷號",
53,1021021,"ORG2190034","有機金黃玉米粒","統一生機開發股份有限公司","桃園縣中壢市定寧路號樓","QAI","合格","吉笙健康科技股份有限公司新竹市三民里民族路號樓",
54,1021021,"ORG2190035","青田有機十穀健康糧","青田農產有限公司","花蓮縣富里鄉富里村和平街號","TOC","合格","吉笙健康科技股份有限公司新竹市三民里民族路號樓",
1,1020905,"ORG2010306","克羅多有機初榨冷壓橄欖油","廣博實業股份有限公司","臺北市南港區園區街號樓之","BIOAGRICERT S.R.L","合格","棉花田生機園地股份有限公司府中門市新北市板橋區文化路段號樓",
2,1020923,"ORG2010329","有機香醇黑糖","擁潔股份有限公司","臺北市西園路段號","UCS","合格","綠色大帝股份有限公司海山分公司新北市板橋區民族里漢生東路號",
3,1020923,"ORG2010330","有機薄鹽醬油","喜樂愛之泉有限公司","臺中市北區文祥街號","TOC","合格","綠色大帝股份有限公司海山分公司新北市板橋區民族里漢生東路號",
4,1020924,"ORG2010333","有機烏龍茶","棋著有限公司","臺中市南屯區公益路段號","NCKU","合格","里仁事業股份有限公司新北市中和區漢民路號樓",
5,1020924,"ORG2010334","有機綜合蔬果汁","統盛股份有限公司","臺北市中山區南京東路一段巷號之","TOC","合格","里仁事業股份有限公司新北市中和區漢民路號樓",
6,1020927,"ORG2010335","有機五穀雜糧片","擁潔股份有限公司","臺北市西園路段號","UCS","合格","綠色大帝股份有限公司江子翠分公司新北市板橋區松翠里松柏街號樓",
7,1020927,"ORG2010337","有機豆奶","羅東鎮農會食品工廠","羅東鎮倉前路號","MOA","合格","綠色大帝股份有限公司江子翠分公司新北市板橋區松翠里松柏街號樓",
8,1020927,"ORG2010338","有機糙米奶","羅東鎮農會食品工廠","羅東鎮倉前路號","MOA","合格","綠色大帝股份有限公司江子翠分公司新北市板橋區松翠里松柏街號樓",
9,1020927,"ORG2010339","有機黑木耳飲","宜蘭縣冬山鄉農會","宜蘭縣冬山鄉永興路段號","MOA","合格","綠色大帝股份有限公司江子翠分公司新北市板橋區松翠里松柏街號樓",
10,1020927,"ORG2010340","有機石榴汁","味榮食品股份有限公司","臺中市豐原區西勢路號","UCS","合格","綠色大帝股份有限公司江子翠分公司新北市板橋區松翠里松柏街號樓",
11,1020912,"ORG2020545","有機硬糖紅石榴","聖源國際貿易有限公司","新北市林口區南勢街號樓之","QAI","合格","太平洋鮮活股份有限公司忠孝營業所臺北市大安區仁愛路段巷號地下層",
12,1020912,"ORG2020550","蘇菲有機希臘紅酒甜醋","汎岳國際有限公司","臺中市南屯區大墩路號","未標示","合格","太平洋鮮活股份有限公司忠孝營業所臺北市大安區仁愛路段巷號地下層",
13,1020912,"ORG2020551","有機硬糖薑味","聖源國際貿易有限公司","新北市林口區南勢街號樓之","QAI","合格","太平洋鮮活股份有限公司忠孝營業所臺北市大安區仁愛路段巷號地下層",
14,1020912,"ORG2020561","有機蘋果醋","雅誼有限公司","臺北市信義路段號","CCPB srl","合格","太平洋鮮活股份有限公司忠孝營業所臺北市大安區仁愛路段巷號地下層",
15,1020912,"ORG2020563","好鮮有機紅蘿蔔汁","活力陽光企業有限公司","屏東縣潮州鎮榮吉街號","LACON GmbH","合格","太平洋鮮活股份有限公司忠孝營業所臺北市大安區仁愛路段巷號地下層",
16,1020912,"ORG2020566","樂爸有機橄欖麵醬","駿伸企業有限公司","臺北市成功路段號","BioAgriCert ","合格","太平洋鮮活股份有限公司忠孝營業所臺北市大安區仁愛路段巷號地下層",
17,1020912,"ORG2020568","德國納圖拉有機冰糖","泰宗生物科技股份有限公司","臺北市基湖路巷號","Prufverein Verarbeitung","合格","太平洋鮮活股份有限公司忠孝營業所臺北市大安區仁愛路段巷號地下層",
18,1020912,"ORG2020569","踏青日有機義式沙拉醬","保灃國際股份有限公司","臺北市中山區中山北路段巷號樓","QAI","合格","太平洋鮮活股份有限公司忠孝營業所臺北市大安區仁愛路段巷號地下層",
19,1020910,"ORG2030210","高鈣高纖有機酵素黑麥粉","丰健有機國際有限公司","臺中市大雅區龍善三街號","COAA","合格","科示威豐原中興美妝店臺中市豐原區中興路號",
20,1020910,"ORG2030220","有機廚坊有機綠茶油⽁切","茗源食品工業股份有限公司","雲林縣斗六市復興路號","NCKU","合格","大麥屋直營門市豐原旗艦店臺中市豐原區三豐路號",
21,1020910,"ORG2030221","有機巧克力焦糖海口味","馥聚有限公司","新北市汐止區汐止區康寧街巷號樓","Oregon Tilth Certified Organic","合格","大麥屋直營門市豐原旗艦店臺中市豐原區三豐路號",
22,1020910,"ORG2030222","有機石榴汁","味榮食品工業股份有限公司","臺中市豐原區三村里西勢路號","UCS","合格","大麥屋直營門市豐原旗艦店臺中市豐原區三豐路號",
23,1020910,"ORG2030223","有機十穀麵","味榮食品工業股份有限公司","臺中市豐原區三村里西勢路號","UCS","合格","大麥屋直營門市豐原旗艦店臺中市豐原區三豐路號",
24,1020925,"ORG2030235","有機綜合穀物精","金格食品股份有限公司","臺北市中華路段號","Austria Bio Garantie Gmbh","合格","親子購物網（異網資訊股份有限公司）臺中市南屯區大墩路號樓",
25,1020902,"ORG2050227","有機蘋果葡萄果汁","綠動會股份有限公司","臺中市東區東港路號","ECOCERT S.A.S.","合格","丁丁藥局新富店高雄市鳳山區新富路號",
26,1020902,"ORG2050228","有機什錦鮮果泥","綠動會股份有限公司","臺中市東區東港路號","ECOCERT S.A.S.","合格","丁丁藥局新富店高雄市鳳山區新富路號",
27,1020902,"ORG2050229","有機碧綠蔬菜泥","綠動會股份有限公司","臺中市東區東英路號","ECOCERT S.A.S.","合格","丁丁藥局新富店高雄市鳳山區新富路號",
28,1020902,"ORG2050230","有機蘋果黑棗鮮果泥","綠動會股份有限公司","臺中市東區東英路號","ECOCERT S.A.S.","合格","丁丁藥局新富店高雄市鳳山區新富路號",
29,1020930,"ORG2050233","有機黑豆醬油","喜樂愛之泉有限公司","臺中市北區文祥街號","TOC","合格","豐雜穀行高雄市岡山區崗山路號",
30,1020930,"ORG2050234","有機黑木耳膠原飲","有幾園生物科技股份有限公司","臺中市梧棲區港埠路一段號","NCKU","合格","豐雜穀行高雄市岡山區崗山路號",
31,1020910,"ORG2060097","有機鳳梨太陽花","豆之家食品科技股份有限公司","桃園縣蘆竹鄉南崁路二段巷號","TOAF","合格","里仁事業股份有限公司羅東分公司宜蘭縣羅東鎮和平路號樓",
32,1020910,"ORG2060099","歐芙有機檸檬汁","有幾園生物科技股份有限公司","臺中市梧棲區港埠路一段號","BioAgriCert s.r.l","合格","統健實業股份有限公司羅東倉前門市宜蘭縣羅東鎮倉前路號樓",
33,1020910,"ORG2060100","有機紅巴薩米克醋","智慧有機體股份有限公司","臺北市松山區南京東路段號樓之","CAAE","合格","統健實業股份有限公司羅東倉前門市宜蘭縣羅東鎮倉前路號樓",
34,1020910,"ORG2060102","德國有機五榖燕麥片","智慧有機體股份有限公司","臺北市松山區南京東路段號樓之","BCS Oko-Garantie GmbH","合格","統健實業股份有限公司羅東倉前門市宜蘭縣羅東鎮倉前路號樓",
35,1020904,"ORG2070121","有機綜合菇","青葉食品工業股份有限公司","臺北市中山區南京東路段號","TOC","合格","中壢中美店桃園縣中壢市中美路段號",
36,1020904,"ORG2070122","有機味噌辣椒醬（微辣）","美福行","宜蘭市女中路段號","TOC","合格","中壢中美店桃園縣中壢市中美路段號",
37,1020904,"ORG2070127","有機蔬果酵素原液","菩提樹生物科技有限公司","嘉義縣民雄工業區成功一街號","TOC","合格","中壢中美店桃園縣中壢市中美路段號",
38,1020911,"ORG2090090","有機囍瑞即溶咖啡","宏常有限公司","臺北市長春路號樓","ECOCERT SA","合格","松青商業股份有限公司卓蘭分公司苗栗縣卓蘭鎮昭永路號",
39,1020911,"ORG2090091","味榮京風有機味噌","味榮食品工業股份有限公司","臺中市豐原區西勢路號","UCS","合格","松青商業股份有限公司卓蘭分公司苗栗縣卓蘭鎮昭永路號",
40,1020911,"ORG2090092","有機綜合湖鹽果仁","簡單生活開發有限公司","新竹縣竹北市成功六街號樓","TOC","合格","里仁事業股份有限公司苑裡分公司苗栗縣苑裡鎮新興路號樓",
41,1020911,"ORG2090093","有機黃金葡萄乾","簡單生活開發有限公司","新竹縣竹北市成功六街號樓","TOC","合格","里仁事業股份有限公司苑裡分公司苗栗縣苑裡鎮新興路號樓",
42,1020911,"ORG2090094","有機即食黑麥片","簡單生活開發有限公司","新竹縣竹北市成功六街號樓","TOC","合格","里仁事業股份有限公司苑裡分公司苗栗縣苑裡鎮新興路號樓",
43,1020911,"ORG2090095","有機亞麻仁饅頭","餐御宴食品有限公司","臺中市大甲區日南里幼獅路號","TOC","合格","里仁事業股份有限公司苑裡分公司苗栗縣苑裡鎮新興路號樓",
44,1020911,"ORG2090096","有機凍豆腐","立菽企業有限公司","新竹縣湖口鄉中正路二巷號","TOC","合格","里仁事業股份有限公司苑裡分公司苗栗縣苑裡鎮新興路號樓",
45,1020917,"ORG2180004","有機可可粉","養頤實業股份有限公司","臺北市文山區新光路段號","Ecocert canada","合格","無毒生活家基隆市信義區信二路號號",
46,1020917,"ORG2180008","有機黑豆蔭油","有機園生物科技（股）公司","臺中市梧棲區港埠路一段號","COAA","合格","無毒生活家基隆市信義區信二路號號",
1,1021101,"ORG2010371","廣島","蘇興李","新北市三峽區添福里添福號","FOA","ND","新北市三峽區添福里添福號",
2,1021101,"ORG2010372","地瓜葉","張國良","新北市淡水區大信街巷弄號","HOA","ND","新北市淡水區大信街巷弄號",
3,1021114,"ORG2010396","小松菜","陳金智","新北市鶯歌區中正三路巷之號","FOA","ND","新北市鶯歌區中正三路巷之號",
4,1021114,"ORG2010397","青江菜","游文揚","新北市鶯歌區中湖街巷號","FOA","ND","新北市鶯歌區中湖街巷號",
5,1021120,"ORG2030334","有機高麗菜","小瓢蟲農場","臺中市東勢區東蘭路號","MOA","ND","小瓢蟲農場臺中市東勢區東蘭路號",
6,1021120,"ORG2030335","有機芥菜","小瓢蟲農場","臺中市東勢區東蘭路號","MOA","ND","小瓢蟲農場臺中市東勢區東蘭路號",
7,1021104,"ORG2040167","木瓜","許玉鈴（農裕生物科技農場）","臺南市玉井區沙田村號","MOA","ND","臺南市玉井區沙田村號",
8,1021104,"ORG2040168","芭樂","許玉鈴（農裕生物科技農場）","臺南市玉井區沙田村號","MOA","ND","臺南市玉井區沙田村號",
9,1021115,"ORG2040169","京都水菜","巨農有機農場","臺南市仁德區仁愛里仁愛號","TOC","ND","臺南市仁德區仁愛里仁愛號",
10,1021115,"ORG2040170","白蘿蔔","巨農有機農場","臺南市仁德區仁愛里仁愛號","TOC","ND","臺南市仁德區仁愛里仁愛號",
11,1021126,"ORG2050429","香蕉","李文禎（小農夫農園）","高雄市大樹區中興北路號","HOA","ND","大樹區大庄段",
12,1021126,"ORG2050430","木瓜","李進財（長春農場）","高雄市大樹區長春路新春巷號","UCS","ND","大樹區保安段、地號",
13,1021126,"ORG2050431","山藥","馬正忠（有福有機農場）","高雄市美濃區吉洋里精忠新村號","HOA","ND","美濃區新吉洋段、地號",
14,1021126,"ORG2050432","百香果","謝武勳","高雄市美濃區龍山里龍山街號","UCS","ND","美濃區中壇段地號",
15,1021126,"ORG2070206","小松菜","陳志堅","桃園縣大溪鎮康莊路段巷","FOA","ND","陳志堅桃園縣大溪鎮康莊路段巷",
16,1021107,"ORG2090109","有機轉型期芭蕉","謝明政","苗栗縣頭屋鄉明德村鄰仁隆號","UCS","ND","苗栗縣頭屋鄉仁隆段號",
17,1021108,"ORG2090110","有機轉型期杭菊","韓順雄","苗栗縣銅鑼鄉九湖村號","FSII","ND","苗栗縣銅鑼鄉九湖村號",
18,1021115,"ORG2090111","有機轉型期小黃瓜","曾暐迪","苗栗縣造橋鄉長安新村號","FSII","ND","苗栗縣造橋鄉長安新村號",
19,1021113,"ORG2100100","稻榖（水稻）","賴惠約","彰化縣大村鄉貢旗村貢旗二巷號","TOPA","ND","彰化縣大村鄉貢旗段號",
20,1021105,"ORG2150095","茄子","財團法人天主教會花蓮教區附設聖母農莊","臺東市知本路段號","UCS","ND","臺東市知本段號",
21,1021105,"ORG2150096","白菜","財團法人天主教會花蓮教區附設聖母農莊","臺東市知本路段號","UCS","ND","臺東市知本段號",
22,1021105,"ORG2150097","赤道櫻草","劉欣鳳","臺東縣卑南鄉泰安村鄰之號","MOA","ND","臺東縣卑南鄉泰安村鄰之號",
23,1021105,"ORG2150098","柳丁","劉欣鳳","臺東縣卑南鄉泰安村鄰之號","MOA","ND","臺東縣卑南鄉泰安村鄰之號",
24,1021105,"ORG2160078","黃豆","蘇秀蓮","花蓮縣鳳林鎮山興里山明路號","TOC","ND","花蓮縣光復鄉大同村佛祖街巷號",
25,1021105,"ORG2160079","敏豆","江玉寶","花蓮縣壽豐鄉豐裡村民族街號","NCKU","ND","花蓮縣壽豐鄉豐裡段號",
26,1021105,"ORG2160080","地瓜葉","李家豐","花蓮縣壽豐鄉豐裡村中山路號","MOA","ND","花蓮縣壽豐鄉豐裡段",
27,1021105,"ORG2160081","玉米","陳金榮","花蓮縣吉安鄉福興村福興六街號","TOC","ND","花蓮縣壽豐鄉路內段",
28,1021105,"ORG2160082","龍鬚菜","陳金榮","花蓮縣吉安鄉福興村福興六街號","TOC","ND","花蓮縣壽豐鄉路內段",
29,1021106,"ORG2160083","香蕉","彭宇閎","花蓮市中山路段巷弄號","TOC","ND","花蓮市中山路段巷弄號",
30,1021106,"ORG2160084","甜菜心","廖中豪","花蓮縣花蓮市中正路巷弄之號","TOC","ND","花蓮縣吉安鄉明仁三街號對面",
31,1021106,"ORG2160086","杏鮑菇","吳厚德","花蓮縣吉安鄉慶豐村鄰中山路段號","HOA","ND","花蓮縣吉安鄉慶豐村鄰中山路段號",
32,1021106,"ORG2160087","蜜柚","胡長旺","花蓮縣吉安鄉吉安村吉興路段號","TOC","ND","花蓮縣吉安鄉吉安村慶西四路號",
33,1021106,"ORG2160088","佛手瓜","黃天慶","花蓮市稻香村廣豐三街號","NCHU","ND","花蓮市稻香村廣豐三街號",
34,1021112,"ORG2170005","黑葉白菜（有機轉型期）","有限責任澎湖縣農特作物生產加工運銷合作社","澎湖縣湖西鄉南寮村之號","UCS","ND","澎湖縣湖西鄉南寮村之號",
1,1021115,"ORG2010398","有機五果燕麥片","智慧有機體股份有限公司","臺北市南京東路段號","BCS Oko-Garantie GmbH","合格","柑仔店板新課",
2,1021115,"ORG2010399","有機燕麥片薄片","智慧有機體股份有限公司","臺北市南京東路段號","BCS OkO-Garantie GMBH","合格","柑仔店板新課",
3,1021115,"ORG2010400","西班牙莎蘿瑪百年橄欖莊園有機初榨冷壓橄欖油","智慧有機體股份有限公司","臺北市南京東路段號","Servicio de certificacion CAAE","合格","柑仔店板新課",
4,1021118,"ORG2010401","有機亞麻仁子壓碎片","智慧有機體股份有限公司","臺北市南京東路段號","BCS Oko-Garantie GmbH","合格","柑仔店板新課",
5,1021118,"ORG2010402","頂客坊有機杏桃水果抹醬","保灃國際股份有限公司","臺北市中山區中山北路段巷號樓","QAI","合格","柑仔店板新課",
6,1021118,"ORG2010403","好鮮有機紅葡萄汁","清淨生活有限公司","屏東縣潮州鎮新生路號","LACON GmbH","合格","柑仔店板新課",
7,1021118,"ORG2010404","有機即食綜合穀麥片","柑仔店股份有限公司","新竹市光復路段號","TOC","合格","柑仔店板新課",
8,1021118,"ORG2010405","有機紅棗乾","柑仔店股份有限公司","新竹市光復路段號","TOC","合格","柑仔店板新課",
9,1021119,"ORG2010406","銀川有機糙米粉","青田農產有限公司","花蓮縣富里鄉和平街號","TOC","合格","統健實業股份有限公司新莊中和新北市新莊區中和街巷號",
10,1021119,"ORG2010407","純麥有機白醬油","喜樂愛之泉有限公司","臺中市北區文祥街號","TOC","合格","統健實業股份有限公司新莊中和新北市新莊區中和街巷號",
11,1021128,"ORG2010428","香菇有機醬油","喜樂愛之泉有限公司","臺中市北區文祥街號","TOC","合格","綠色大帝股份有限公司新北市板橋區民族里漢生東路號",
12,1021128,"ORG2010429","有機香菇醬油膏","喜樂愛之泉有限公司","臺中市北區文祥街號","TOC","合格","綠色大帝股份有限公司新北市板橋區民族里漢生東路號",
13,1021128,"ORG2010430","有機乾豆豉","喜樂愛之泉有限公司","臺中市北區文祥街號","TOC","合格","綠色大帝股份有限公司新北市板橋區民族里漢生東路號",
14,1021128,"ORG2010431","有機黑豆減鹽蔭油露","味榮食品工業股份有限公司","臺中市豐原區西勢路號","UCS","合格","綠色大帝股份有限公司新北市板橋區民族里漢生東路號",
15,1021128,"ORG2010432","有機黑豆蔭油膏","味榮食品工業股份有限公司","臺中市豐原區西勢路號","UCS","合格","綠色大帝股份有限公司新北市板橋區民族里漢生東路號",
16,1021129,"ORG2010433","有機黑芝麻","展康國際有機股份公司","臺中市豐原區西勢路號","UCS","合格","綠色大帝股份有限公司新北市板橋區民族里漢生東路號",
17,1021129,"ORG2010446","瑞雀有機椰蓉","瑞雀企業有限公司","高雄市楠梓區後昌路號","GOA","合格","綠色大帝股份有限公司新北市板橋區民族里漢生東路號",
18,1021129,"ORG2010447","瑞雀有機椰子粉","瑞雀企業有限公司","高雄市楠梓區後昌路號","GOA","合格","綠色大帝股份有限公司新北市板橋區民族里漢生東路號",
19,1021129,"ORG2010448","有機彩虹高原印加麥","擁潔股份有限公司","臺北市西園路段號","UCS","合格","綠色大帝股份有限公司新北市板橋區民族里漢生東路號",
20,1021120,"ORG2030349","川永祖母綠有機吸⽁凍","豐喜食品股份有限公司","雲林縣斗六市工業路號","TOC","合格","里仁事業股份有限公司東勢分公司臺中市東勢區中山路號",
21,1021127,"ORG2030375","喜又美有機甘蔗糖蜜","裕國冷凍冷藏股份有限公司","南投市南崗工業區工業北路號","TOC","合格","里仁事業股份有限公司臺中市太平區宜昌路號",
22,1021127,"ORG2030376","有機湯圓","餐御宴食品有限公司","臺中市大甲區日南里幼獅路號","TOC","合格","里仁事業股份有限公司臺中市太平區宜昌路號",
23,1021127,"ORG2030377","有機酸高麗菜","聖朝食品股份有限公司","臺中市神岡區中山路號","TOC","合格","里仁事業股份有限公司臺中市太平區宜昌路號",
24,1021127,"ORG2030378","有機冷壓南瓜籽油","青荷國際有限公司","桃園市建國路號樓","BIO.INSPECTA AG","合格","里仁事業股份有限公司臺中市太平區宜昌路號",
25,1021127,"ORG2030385","有機初榨椰子油","馬來西亞商科士威有限公司台灣分公司","臺中市西區大隆路號樓之","NASAA","合格","科士威太平宜昌美妝店臺中市太平區宜昌路號",
26,1021127,"ORG2030386","有機枸杞飲品","佳潤健康有限公司","新北市新莊區中正路號樓","Organic Certifiers","合格","科士威太平宜昌美妝店臺中市太平區宜昌路號",
27,1021115,"ORG2040171","有機茶佳葉龍茶無糖","茗源食品工業股份有限公司","雲林縣斗六市復興路號","NCKU","合格","健康奇跡農產運銷有限公司臺南市仁德區仁愛里仁愛號",
28,1021115,"ORG2040172","味榮活力元氣有機五穀味噌","味榮食品工業股份有限公司","臺中市豐原區西勢路號","UCS","合格","健康奇跡農產運銷有限公司臺南市仁德區仁愛里仁愛號",
29,1021121,"ORG2040177","有機豆奶","統盛國際股份有限公司","臺北市南京東路段巷號","TOC","合格","臺南市中西區西門路段號",
30,1021121,"ORG2040178","有機紅妍蔘棗茶","簡單生活開發有限公司","新竹縣竹北市成功六街號","TOC","合格","臺南市中西區西門路段號",
31,1021121,"ORG2040179","有機芝麻黑穀奶","簡單生活開發有限公司","新竹縣竹北市成功六街號","TOC","合格","臺南市中西區西門路段號",
32,1021111,"ORG2050283","有機燕麥穀粉","禾園生物科技有限公司","嘉義縣竹崎鄉紫雲村鹿寮堀號","TOC","合格","全聯實業股份有限公司高雄市阿蓮區民族路巷號",
33,1021111,"ORG2050284","紅布朗有機高纖燕麥奶","憶霖企業股份有限公司","雲林縣斗六市斗工二路號","NCKU","合格","松青商業股份有限公司漢神營業所高雄市左營區博愛二路號",
34,1021106,"ORG2070196","有機石榴汁","味榮食品工業股份有限公司","臺中市豐原區西勢路號","UCS","合格","鄉情有機商行桃園縣中壢市中北路段號",
35,1021106,"ORG2070197","有機蕃茄醬","香港商香港弘景企業有限公司台灣分公司","臺南市新市區港漧里興業路號","TOC","合格","鄉情有機商行桃園縣中壢市中北路段號",
36,1021106,"ORG2070199","歐芙有機檸檬汁","有幾園生物科技（股）公司","臺中市梧棲區港埠路段號","BioAgriCert S.r.l.","合格","鄉情有機商行桃園縣中壢市中北路段號",
37,1021106,"ORG2070201","有機甜菜汁","擁潔股份有限公司","臺北市西園路段號","Ecocert Deutschland GmbH","合格","鄉情有機商行桃園縣中壢市中北路段號",
38,1021118,"ORG2080044","有機漢方養氣茶","簡單生活開發有限公司","新竹縣竹北市成功六街號","TOC","合格","柑仔店股份有限公司竹北店新竹縣竹北市縣政二路號",
39,1021118,"ORG2080045","有機味噌","十全特好食品股份有限公司","新竹縣竹北市鳳岡路三段號","TOC","合格","柑仔店股份有限公司竹北店新竹縣竹北市縣政二路號",
40,1021118,"ORG2080046","有機紅妍蔘棗茶","簡單生活開發有限公司","新竹縣竹北市成功六街號","TOC","合格","柑仔店股份有限公司竹北店新竹縣竹北市縣政二路號",
41,1021114,"ORG2110054","西班牙聖伯莎第一道初榨有機冷壓橄欖油","佰研生化科技股份有限公司","臺北市南港區園區街號樓之","SERVICIO DE CERTIFICACION CAAE","合格","無毒的家南投店南投縣南投市建國路號",
42,1021114,"ORG2110055","有機小麥黃豆醬油","佰研生化科技股份有限公司","臺北市南港區園區街號樓之","OCIA International","合格","無毒的家南投店南投縣南投市建國路號",
43,1021114,"ORG2110056","有機中筋麵粉","春橋田股份有限公司","高雄市苓雅區憲政路號","MOA","合格","無毒的家南投店南投縣南投市建國路號",
44,1021101,"ORG2140110","有機葵花子","統一生機開發股份有限公司","桃園縣中壢市定寧路號樓","TOC","合格","統一有機健康超市屏東市中正路號",
45,1021101,"ORG2140111","義大利有機冷壓高燃點葵花油","統一生機開發股份有限公司","桃園縣中壢市定寧路號樓","BioAgriCert","合格","統一有機健康超市屏東市中正路號",
46,1021101,"ORG2140112","有機鮮榨純蔓越莓汁","統一生機開發股份有限公司","桃園縣中壢市定寧路號樓","ECOCERT","合格","統一有機健康超市屏東市中正路號",
47,1021104,"ORG2160071","統一有機低筋麵粉","統一生機開發股份有限公司","桃園縣中壢市定寧路號樓","TOC","合格","新鮮葉仔樂活休閒館花蓮市國華里鄰林森路、號",
48,1021104,"ORG2160073","義大利有機頂級冷壓橄欖油","統一生機開發股份有限公司","桃園縣中壢市定寧路號樓","BioAgriCert","合格","新鮮葉仔樂活休閒館花蓮市國華里鄰林森路、號",
49,1021104,"ORG2160074","有機醬油","喜樂愛之泉有限公司","臺中市北區文祥街號","TOC","合格","新鮮葉仔樂活休閒館花蓮市國華里鄰林森路、號",
50,1021104,"ORG2160077","有機紅棗黑木耳露","統一生機開發股份有限公司","桃園縣中壢市定寧路號樓","NCKU","合格","新鮮葉仔樂活休閒館花蓮市國華里鄰林森路、號",
51,1021107,"ORG2160099","歐芙有機純蘋果原汁","滿福實業有限公司","臺中市文心路三段號","Oregon Tilth Certified Organic","合格","壽豐鄉農會豐華再現館花蓮縣壽豐鄉豐坪村豐坪路段號",
52,1021118,"ORG2160118","德國有機冷壓初榨亞麻仁油","智慧有機體股份有限公司","臺北市南京東路五段號之","BCS Oko-Garantie GmbH","合格","花蓮市農會自強生鮮超級市場花蓮市富國路號",
53,1021118,"ORG2160119","有機燕麥杏仁奶","宏常有限公司","臺北市長春路號樓","CCPAE","合格","花蓮市農會自強生鮮超級市場花蓮市富國路號",
54,1021101,"ORG2200033","帝歐有機特級初榨橄欖油","阿格利司貿易有限公司","新北市中和區中正路號樓","Consejo de Agricultura","合格","家福股份有限公司嘉義市忠孝路巷、號",
55,1021101,"ORG2200034","家福有機冷壓橄欖油","家福股份有限公司","臺北市南港區南港路段巷號","ECOCERT France SAS","合格","家福股份有限公司嘉義市忠孝路巷、號",
1,1021211,"ORG2030395","頂客坊有機覆盆子水果抹醬","保灃國際（股）公司","臺北市中山區中山北路段巷號","QAI","合格","統健實業（股）公司豐原門市臺中市豐原區圓環東路號樓",
2,1021211,"ORG2030396","歐特有機特級冷壓橄欖油","正原有機國際有限公司","新北市板橋區信義路巷號","CCPB","合格","統健實業（股）公司豐原門市臺中市豐原區圓環東路號樓",
3,1021226,"ORG2040190","松鼎有機黃金亞麻仁籽粉","松鼎實業股份有限公司","雲林縣虎尾鎮西屯里號","FSII","合格","家福股份有限公司臺南市新營區健康路號",
4,1021211,"ORG2100111","義大利有機冷壓葵花油","統一生機開發股份有限公司","桃園縣中壢市定寧路號","BioAgriCert","合格","勝紘商行彰化縣鹿港鎮菜園路號",
5,1021211,"ORG2100121","萊瑞有機初榨特級純橄欖油","宏常有限公司","臺北市長春路號樓","SERVICIO DE CERTIFICACION CAAE","合格","湘田有機生活館彰化縣鹿港鎮成功路號",
6,1021211,"ORG2100122","蘿曼利有機橄欖油","宏常有限公司","臺北市長春路號樓","CONSELL CATALA DE LA PRODUCCIO AGRARIA ECOLOGICA","合格","湘田有機生活館彰化縣鹿港鎮成功路號",
7,1021223,"ORG2130096","有機糙米麩（無糖）","圓滿生機食品工廠","嘉義縣民雄鄉文隆村鄰鴨母號","TOC","合格","嘉義縣民雄鄉文隆村鄰鴨母號",
8,1021202,"ORG2190051","有機糙米粉","元豪食品有限公司","臺中市大仁街號","COAA","合格","無毒的家新竹東大店新竹市東區東大路段號",
1,1020913,"ORG2030224","有機杏鮑菇","臺灣","彭園菇類農場","臺中市霧峰區中正路號","UCS","ND","彭園菇類農場臺中市霧峰區中正路號"
2,1020913,"ORG2030225","有機杏鮑菇（菌瓶）","臺灣","彭園菇類農場","臺中市霧峰區中正路號","UCS","ND","彭園菇類農場臺中市霧峰區中正路號"
3,1020913,"ORG2030226","有機金針菇（菌瓶）","臺灣","久川養菌場","臺中市霧峰區豐正路巷號","UCS","ND","久川養菌場臺中市霧峰區豐正路巷號"
4,1020913,"ORG2030227","有機金針菇","臺灣","久川養菌場","臺中市霧峰區豐正路巷號","UCS","ND","久川養菌場臺中市霧峰區豐正路巷號"
5,1020914,"ORG2030232","有機柚子","臺灣","李清泉","臺中市霧峰區萬豐里象鼻路號","NCKU","ND","臺中市霧峰區萬豐里象鼻路號"
6,1020926,"ORG2040117","小松菜","臺灣","蘇友賞","臺南市善化區東昌里號東隆里號","TOAF","ND","臺南市善化區東昌里號"
7,1020904,"ORG2050414","小白菜","臺灣","永齡杉林有機農業園區","高雄市杉林區上平里山仙路號","TOC","ND","杉林區月眉段地號"
8,1020904,"ORG2050415","黑葉白菜","臺灣","永齡杉林有機農業園區","高雄市杉林區上平里山仙路號","TOC","ND","杉林區月眉段地號"
9,1020904,"ORG2050416","番石榴","臺灣","阿甘有機農場","高雄市旗山區中正里和正街號","NCKU","ND","旗山區圓潭子段、、地號"
10,1020904,"ORG2050417","百香果","臺灣","阿甘有機農場","高雄市旗山區中正里和正街號","NCKU","ND","旗山區圓潭子段、、地號"
11,1020904,"ORG2050418","廣島白菜","臺灣","余威槿","高雄市岡山區岡榮路巷號","NCKU","ND","橋頭區中崎段地號"
12,1020904,"ORG2050419","地瓜葉","臺灣","余威槿","高雄市岡山區岡榮路巷號","NCKU","ND","橋頭區中崎段地號"
13,1020904,"ORG2050420","小松","臺灣","康正忠","高雄市梓官區智蚵里通安路號","FOA","亞滅培","梓官區新甲段、地號"
14,1020904,"ORG2050421","白菜","臺灣","康正忠","高雄市梓官區智蚵里通安路號","FOA","亞滅培達滅芬","梓官區新甲段、地號"
15,1020904,"ORG2050422","木瓜","臺灣","蘇勝隆（勝隆有機農場）","高雄市彌陀區中華路號","COAA","ND","岡山區港口崙段地號"
16,1020904,"ORG2050423","蔥","臺灣","蘇勝隆（勝隆有機農場）","高雄市彌陀區中華路號","COAA","ND","彌陀區仁壽段、、地號"
17,1020904,"ORG2050424","青江菜","臺灣","蘇冠宇（創世紀有機農場）","高雄市彌陀區中華路號","COAA","ND","彌陀區山頂段、地號"
18,1020904,"ORG2050425","油菜","臺灣","蘇冠宇（創世紀有機農場）","高雄市彌陀區中華路號","COAA","ND","彌陀區山頂段、地號"
19,1020904,"ORG2050426","茄子","臺灣","李慶堂（路竹蔬果有機班）","高雄市路竹區大仁路號","COAA","ND","路竹區觀音段地號"
20,1020904,"ORG2050427","苦瓜","臺灣","李慶堂（路竹蔬果有機班）","高雄市路竹區大仁路號","COAA","ND","路竹區觀音段地號"
21,1020904,"ORG2050428","豇豆","臺灣","王保鳳（農事樂有機聯合農場）","高雄市路竹區大仁路號","COAA","ND","路竹區環球段地號"
22,1020910,"ORG2090083","有機柚子","臺灣","莊素娥","苗栗縣三灣鄉永和村鄰上雙坑號","UCS","ND","苗栗縣三灣鄉永和山段號"
23,1020910,"ORG2090084","有機柚子","臺灣","傑安美桔園休閒農場","新竹縣竹北市光明六路東二段號樓之","TOC","ND","苗栗縣三灣鄉永和村鄰北坑二之號"
24,1020913,"ORG2140084","有機絲瓜","臺灣","永續農業研究農場（屏東科技大學農園生產系）","屏東縣內埔鄉學府路號","TOAF","ND","屏東縣內埔鄉龍泉段地號"
25,1020913,"ORG2140085","有機火龍果（轉型期）","臺灣","永續農業研究農場（屏東科技大學農園生產系）","屏東縣內埔鄉學府路號","TOC","ND","屏東縣內埔鄉龍泉段地號"
26,1020924,"ORG2140086","有機青江菜","臺灣","黃淑女","屏東縣萬丹鄉竹林村大學路號","FOA","ND","屏東縣萬丹鄉竹林段號"
27,1020924,"ORG2140087","有機火龍果","臺灣","黃淑女","屏東縣萬丹鄉竹林村大學路號","FOA","ND","屏東縣萬丹鄉竹林段號"
28,1020925,"ORG2140088","轉型期冬瓜","臺灣","王老先生蔬果園（王坤周）","屏東市信和里忠信之號","HOA","ND","屏東縣屏東市信和段號"
29,1020925,"ORG2140089","有機香蕉","臺灣","鴻旗有機休閒農場","屏東縣高樹鄉泰山村產業路號","COAA","ND","屏東縣高樹鄉泰和段地號"
30,1020905,"ORG2160033","皇宮菜","臺灣","蘇秀蓮","花蓮縣鳳林鎮山興里山明路號","TOC","ND","花蓮縣鳳林鎮山興里山明路號"
31,1020905,"ORG2160034","文旦柚","臺灣","劉秀霞","花蓮縣鳳林鎮鳳仁里鄰中和路號","HOA","ND","花蓮縣鳳林鎮鳳仁里鄰中和路號"
32,1020905,"ORG2160035","黃豆","臺灣","黃仁忠","花蓮縣鳳林鎮鳳信里中正路段巷號","TOC","ND","花蓮縣鳳林鎮鳳信里中正路段巷號"
33,1020905,"ORG2160036","黃秋葵","臺灣","李孝德","花蓮縣壽豐鄉壽豐村壽山路號","FOA","ND","花蓮縣壽豐鄉壽豐村壽山路號"
34,1020905,"ORG2160037","稻榖","臺灣","康天德","花蓮市中山路號","TOC","ND","花蓮市國福里中山路段號"
35,1020905,"ORG2160038","稻榖","臺灣","呂良順","花蓮市中山路號","TOC","ND","花蓮市國福里中山路段號"
36,1020905,"ORG2160039","稻榖","臺灣","呂良耀","花蓮市中山路號","TOC","ND","花蓮市國福里中山路段號"
37,1020905,"ORG2160040","稻榖","臺灣","游象強","花蓮市中山路號","TOC","ND","花蓮市國福里中山路段號"
38,1020910,"ORG2160041","稻榖","臺灣","鄧啟憲","花蓮縣富里鄉羅山村鄰號","NCKU","ND","花蓮縣富里鄉農會花蓮縣富里鄉羅山村鄰東湖號"
39,1020910,"ORG2160042","稻榖","臺灣","羅添壽","花蓮縣富里鄉羅山村鄰號","NCKU","賽滅寧","花蓮縣富里鄉農會花蓮縣富里鄉羅山村鄰東湖號"
40,1020910,"ORG2160043","稻榖","臺灣","陳蘇阿群","花蓮縣富里鄉羅山村鄰號","NCKU","ND","花蓮縣富里鄉農會花蓮縣富里鄉羅山村鄰東湖號"
41,1020910,"ORG2160044","稻榖","臺灣","王昌台","花蓮縣富里鄉羅山村鄰號","NCKU","ND","花蓮縣富里鄉農會花蓮縣富里鄉羅山村鄰東湖號"
42,1020910,"ORG2160045","稻榖","臺灣","黃學喜","花蓮縣富里鄉羅山村鄰號","NCKU","ND","花蓮縣富里鄉農會花蓮縣富里鄉羅山村鄰東湖號"
43,1020910,"ORG2160046","稻榖","臺灣","許時鑑","花蓮縣富里鄉竹田村鄰之號","NCKU","賽滅寧","花蓮縣富里鄉農會花蓮縣富里鄉羅山村鄰東湖號"
44,1020910,"ORG2160047","稻榖","臺灣","徐秀枝","花蓮縣富里鄉竹田村鄰之號","NCKU","賽滅寧","花蓮縣富里鄉農會花蓮縣富里鄉羅山村鄰東湖號"
45,1020910,"ORG2160048","稻榖","臺灣","劉足女","花蓮縣富里鄉竹田村鄰之號","NCKU","賽滅寧","花蓮縣富里鄉農會花蓮縣富里鄉羅山村鄰東湖號"
46,1020910,"ORG2160049","稻榖","臺灣","鍾阿盛","花蓮縣富里鄉竹田村鄰之號","NCKU","賽滅寧","花蓮縣富里鄉農會花蓮縣富里鄉羅山村鄰東湖號"
47,1020910,"ORG2160050","稻榖","臺灣","徐仁雄","花蓮縣富里鄉竹田村鄰之號","NCKU","ND","花蓮縣富里鄉農會花蓮縣富里鄉羅山村鄰東湖號"
48,1020910,"ORG2160051","稻榖","臺灣","楊財興","花蓮縣富里鄉富里村公埔路段號","TOC","ND","花蓮縣富里鄉有機米產銷班第二班花蓮縣富里鄉富里村公埔路段號"
49,1020910,"ORG2160052","稻榖","臺灣","梁美智","花蓮縣富里鄉富里村公埔路段號","TOC","ND","花蓮縣富里鄉有機米產銷班第二班花蓮縣富里鄉富里村公埔路段號"
50,1020910,"ORG2160053","稻榖","臺灣","鍾仙賜","花蓮縣富里鄉富里村公埔路段號","TOC","ND","花蓮縣富里鄉有機米產銷班第二班花蓮縣富里鄉富里村公埔路段號"
51,1020910,"ORG2160054","稻榖","臺灣","潘俊昇","花蓮縣富里鄉富里村公埔路段號","TOC","ND","花蓮縣富里鄉有機米產銷班第二班花蓮縣富里鄉富里村公埔路段號"
52,1020910,"ORG2160055","稻榖","臺灣","彭次郎","花蓮縣富里鄉富里村公埔路段號","TOC","ND","花蓮縣富里鄉有機米產銷班第二班花蓮縣富里鄉富里村公埔路段號"
53,1020910,"ORG2160057","稻榖","臺灣","溫初男","花蓮縣富里鄉學田村民權路鄰號","COAA","ND","花蓮縣富里鄉有機米產銷班第一班花蓮縣富里鄉學田村民權路鄰號"
54,1020910,"ORG2160058","稻榖","臺灣","詹金玉（鍾秋蘭）","花蓮縣富里鄉石牌村中興路巷號","COAA","ND","花蓮縣富里鄉有機米產銷班第一班花蓮縣富里鄉學田村民權路鄰號"
55,1020910,"ORG2160059","稻榖","臺灣","羅榮光","花蓮縣富里鄉學田村民權路鄰號","COAA","ND","花蓮縣富里鄉有機米產銷班第一班花蓮縣富里鄉學田村民權路鄰號"
56,1020910,"ORG2160060","稻榖","臺灣","劉向蘭","花蓮縣富里鄉學田村民權路鄰號","COAA","ND","花蓮縣富里鄉有機米產銷班第一班花蓮縣富里鄉學田村民權路鄰號"
57,1020910,"ORG2160061","稻榖","臺灣","陳錫餘","花蓮縣富里鄉學田村民權路鄰號","COAA","ND","花蓮縣富里鄉有機米產銷班第一班花蓮縣富里鄉學田村民權路鄰號"
58,1020910,"ORG2160062","稻榖","臺灣","劉貢銘","花蓮縣富里鄉富南村公埔路號","NCKU","ND","花蓮縣富里鄉有機米產銷班第五班花蓮縣富里鄉富南村公埔路號"
59,1020910,"ORG2160063","稻榖","臺灣","張金和","花蓮縣富里鄉富南村公埔路號","NCKU","ND","花蓮縣富里鄉有機米產銷班第五班花蓮縣富里鄉富南村公埔路號"
60,1020927,"ORG2160066","稻榖","臺灣","羅添壽","花蓮縣富里鄉羅山村鄰號","NCKU","ND","花蓮縣富里鄉農會花蓮縣富里鄉羅山村鄰東湖號"
61,1020927,"ORG2160067","稻榖","臺灣","許時鑑","花蓮縣富里鄉竹田村鄰之號","NCKU","ND","花蓮縣富里鄉農會花蓮縣富里鄉羅山村鄰東湖號"
62,1020927,"ORG2160068","稻榖","臺灣","徐秀枝","花蓮縣富里鄉竹田村鄰之號","NCKU","ND","花蓮縣富里鄉農會花蓮縣富里鄉羅山村鄰東湖號"
63,1020927,"ORG2160069","稻榖","臺灣","劉足女","花蓮縣富里鄉竹田村鄰之號","NCKU","ND","花蓮縣富里鄉農會花蓮縣富里鄉羅山村鄰東湖號"
64,1020930,"ORG2210004","有機番石榴","臺灣","暄昕農場","金門縣金湖鎮下新厝號","NCHU","ND","金門縣金湖鎮溪湖里下新厝號"
1,1021016,"ORG2010355","小白菜","鄭鵬舉","新北市淡水區興仁里頂田寮號","HOA","ND","新北市淡水區興仁里號",
2,1021016,"ORG2010356","馬齒莧","盧建和","新北市興仁里鄰牛埔子號","HOA","ND","新北市興仁里鄰牛埔子號",
3,1021007,"ORG2040133","木瓜","嚴勝耀","臺南市楠西區龜丹村號","NCKU","ND","臺南市玉井區佛學段號",
4,1021007,"ORG2040134","芭樂","嚴勝耀","臺南市楠西區龜丹村號","NCKU","ND","臺南市玉井區佛學段號",
5,1021009,"ORG2040135","小松菜","李祈憲","臺南市西港鄉堀仔頭號","MOA","ND","臺南市西港鄉堀仔頭號",
6,1021017,"ORG2040136","楊桃","同俊威","臺南市玉井區中山路巷弄號","MOA","ND","臺南市玉井區芒子芒段號",
7,1021017,"ORG2040137","壽桃","同俊威","臺南市玉井區中山路巷弄號","MOA","ND","臺南市玉井區芒子芒段號",
8,1021023,"ORG2070179","荷葉白菜","謝明宏","桃園縣龍潭鄉銅鑼圈段號","HOA","ND","桃園縣龍潭鄉銅鑼圈段號",
9,1021028,"ORG2080036","有機黑葉白","信勢有機網室蔬菜園吳文岳","新竹縣湖口鄉信勢村鄰新湖路號","MOA","ND","新竹縣湖口鄉信勢村鄰新湖路號",
10,1021028,"ORG2080037","有機青江菜","信勢有機網室蔬菜園吳文岳","新竹縣湖口鄉信勢村鄰新湖路號","MOA","ND","新竹縣湖口鄉信勢村鄰新湖路號",
11,1021028,"ORG2080038","有機甜菜心","信勢有機網室蔬菜園吳文岳","新竹縣湖口鄉信勢村鄰新湖路號","MOA","ND","新竹縣湖口鄉信勢村鄰新湖路號",
12,1021028,"ORG2080039","有機小芥","信勢有機網室蔬菜園吳文岳","新竹縣湖口鄉信勢村鄰新湖路號","MOA","ND","新竹縣湖口鄉信勢村鄰新湖路號",
13,1021028,"ORG2080040","有機青葉茼蒿","劉邦秀大平窩有機蔬菜農園","新竹縣新埔鎮北平里鄰號","MOA","ND","新竹縣新埔段大平窩段地號",
14,1021028,"ORG2080041","有機小芥菜","劉邦秀大平窩有機蔬菜農園","新竹縣新埔鎮北平里鄰號","MOA","ND","新竹縣新埔鎮北平里鄰號",
15,1021028,"ORG2080042","有機小松","劉邦秀大平窩有機蔬菜農園","新竹縣新埔鎮北平里鄰號","MOA","ND","新竹縣新埔鎮北平里鄰號",
16,1021015,"ORG2090103","有機絲瓜","李光仁","苗栗縣三義鄉廣盛村廣聲新城巷號","MOA","ND","苗栗縣三義鄉廣盛村廣聲新城巷號",
17,1021030,"ORG2090106","有機轉型期椪柑","張妙銖","苗栗縣大湖鄉義和村和興號","HOA","ND","苗栗縣大湖鄉義和村和興號",
18,1021030,"ORG2090107","有機轉型期桶柑","張有清","苗栗縣西湖鄉龍洞村鄰張屋號","NCHU","ND","苗栗縣西湖鄉龍洞村鄰張屋號",
19,1021030,"ORG2090108","有機轉型期西施柚","張忠志","苗栗縣西湖鄉龍洞村鄰燥坑號","NCHU","ND","苗栗縣西湖鄉龍洞村鄰燥坑號",
20,1021002,"ORG2140090","有機番石榴","天倫養命農園","屏東縣內埔鄉和興村學興路號","HOA","ND","屏東縣新埤鄉打鐵段、號",
21,1021011,"ORG2140091","有機稻米（穀）","台糖公司屏東區處","屏東縣台糖街號","MOA","ND","屏東縣新埤鄉地號",
22,1021011,"ORG2140092","有機稻米（穀）","祥園有機生態農場（李恭錄）","屏東縣內埔鄉內田村德光巷號","HOA","ND","屏東縣內埔鄉新埔段、、號",
23,1021011,"ORG2140093","有機絲瓜","祥園有機生態農場（李恭錄）","屏東縣內埔鄉內田村德光巷號","HOA","ND","屏東縣內埔鄉新埔段、、號",
24,1021024,"ORG2140104","有機香蕉","神農獎有機農場李成地","屏東市大武里永大路號","HOA","ND","屏東縣屏東市古松段、號",
25,1021024,"ORG2140105","有機木瓜","神農獎有機農場李成地","屏東市大武里永大路號","HOA","ND","屏東縣屏東市古松段、號",
26,1021025,"ORG2140106","有機轉型期沙巴蛇草","植物之家香草農場（郭茂川）","屏東縣新園鄉興龍村鄰中興一巷之號","MOA","ND","屏東縣九如鄉彭厝段地號",
27,1021007,"ORG2150086","咖啡","李新義","臺東縣金峰鄉壢坵村壢坵號","UCS","ND","臺東縣金峰鄉壢坵段號",
28,1021016,"ORG2150087","咖啡","李進德","臺東縣金峰鄉壢坵村壢坵號","UCS","ND","臺東縣金峰鄉壢坵段號",
29,1021022,"ORG2150088","絲瓜","白聖賀（布農部落休閒農場）","臺東縣延平鄉桃源村鄰號之","HOA","ND","臺東縣延平鄉",
30,1021022,"ORG2150089","蔥","白聖賀（布農部落休閒農場）","臺東縣延平鄉桃源村鄰號之","HOA","ND","臺東縣延平鄉",
31,1021024,"ORG2150090","甜橙","張志榮","臺東縣東河鄉北源村鄰之號","TOC","ND","臺東縣東河鄉北源段地號",
32,1021024,"ORG2150091","蜜柚","張志榮","臺東縣東河鄉北源村鄰之號","TOC","ND","臺東縣東河鄉北源段地號",
33,1021024,"ORG2150092","檸檬","周波濤","臺東縣卑南鄉溫泉村鄰號","MOA","ND","臺東縣太麻里鄉樂山段地號",
34,1021024,"ORG2150093","芥菜","周波濤","臺東縣卑南鄉溫泉村鄰號","MOA","ND","臺東縣太麻里鄉樂山段地號",
1,1020905,"ORG2010307","有機糙米","天賜糧源股份有限公司","花蓮縣富里鄉石牌村中興路號","COAA","ND","棉花田生機園地股份有限公司府中門市新北市板橋區文化路段號樓",
2,1020924,"ORG2010331","銀川有機在來白米","花蓮縣富里鄉有機米產銷班第二班","花蓮縣富里鄉富里村公埔路二段號","TOAF","ND","里仁事業股份有限公司新北市中和區漢民路號樓",
3,1020924,"ORG2010332","有機稻鴨益全香米","宜蘭縣三星鄉有機米產銷班第一班陳文連","宜蘭縣三星鄉大洲二路號","HOA","ND","里仁事業股份有限公司新北市中和區漢民路號樓",
4,1020912,"ORG2020538","有機阿拉卡比摩卡咖啡豆","雅誼有限公司","臺北市信義路段號","CCPB srl","ND","太平洋鮮活股份有限公司忠孝營業所臺北市大安區仁愛路段巷號地下層",
5,1020912,"ORG2020552","義大利有機全麥斜管麵","一語堂國際貿易有限公司","新北市林口區工九路號","CCPB srl","ND","太平洋鮮活股份有限公司忠孝營業所臺北市大安區仁愛路段巷號地下層",
6,1020912,"ORG2020557","義大利有機綜合豆","一語堂國際貿易有限公司","新北市林口區工九路號","CCPB srl","ND","太平洋鮮活股份有限公司忠孝營業所臺北市大安區仁愛路段巷號地下層",
7,1020912,"ORG2020560","有機綜合蔬菜湯","宏常有限公司","臺北市長春路號樓","SERVICIO DE CERTIFICACION CAAE","ND","太平洋鮮活股份有限公司忠孝營業所臺北市大安區仁愛路段巷號地下層",
8,1020912,"ORG2020564","波畢爾有機法式芥茉醬","一語堂國際貿易有限公司","新北市林口區工九路號","BioAgriCert ","ND","太平洋鮮活股份有限公司忠孝營業所臺北市大安區仁愛路段巷號地下層",
9,1020912,"ORG2020565","義大利有機青碗豆","一語堂國際貿易有限公司","新北市林口區工九路號","CCPB srl","ND","太平洋鮮活股份有限公司忠孝營業所臺北市大安區仁愛路段巷號地下層",
10,1020912,"ORG2020567","有機義式甜椒醬","雅誼有限公司","臺北市信義路段號","CCPB srl","ND","太平洋鮮活股份有限公司忠孝營業所臺北市大安區仁愛路段巷號地下層",
11,1020910,"ORG2030220","有機廚坊有機綠茶油⽁切","茗源食品工業股份有限公司","雲林縣斗六市復興路號","NCKU","ND","大麥屋直營門市豐原旗艦店臺中市豐原區三豐路號",
12,1020910,"ORG2030221","有機巧克力焦糖海口味","馥聚有限公司","新北市汐止區汐止區康寧街巷號樓","Oregon Tilth Certified Organic","ND","大麥屋直營門市豐原旗艦店臺中市豐原區三豐路號",
13,1020910,"ORG2030222","有機石榴汁","味榮食品工業股份有限公司","臺中市豐原區三村里西勢路號","UCS","ND","大麥屋直營門市豐原旗艦店臺中市豐原區三豐路號",
14,1020910,"ORG2030223","有機十穀麵","味榮食品工業股份有限公司","臺中市豐原區三村里西勢路號","UCS","陶斯松","大麥屋直營門市豐原旗艦店臺中市豐原區三豐路號",
15,1020914,"ORG2030228","有機轉型期青江菜散裝","溫邑章溫家咖啡農場","嘉義縣梅山鄉梅東村中學路號","TOC","ND","中興大學農夫市集溫家咖啡農場",
16,1020914,"ORG2030229","有機小白菜","信勢有機網室蔬園吳文兵","新竹縣湖口鄉信勢村鄰新湖路號","MOA","ND","中興大學農夫市集信勢有機農場",
17,1020914,"ORG2030230","有機玉米散裝","玉堂有機農場","雲林縣西螺鎮農西路號","TOAF","ND","中興大學農夫市集玉堂有機農場",
18,1020914,"ORG2030231","有機小黃瓜散裝","晴晨有機農場","苗栗縣三灣鄉北埔村下林坪之號","NCHU","ND","中興大學農夫市集晴晨農場",
19,1020925,"ORG2030235","有機綜合穀物精","金格食品股份有限公司","臺北市中華路段號","Austria Bio Garantie Gmbh","ND","親子購物網（異網資訊股份有限公司）臺中市南屯區大墩路號樓",
20,1020925,"ORG2030236","紐西蘭有機富士蘋果","觀展物流事業（股）公司","臺中市西屯區工業二路之號","中華驗證有限公司","ND","觀展物流事業（股）公司臺中市西屯區工業二路之號",
21,1020926,"ORG2040118","有機綠豆","有機園生物科技（股）公司","臺中市梧棲區港埠路一段號","TOC","ND","中台商行臺南市善化區仁愛路號",
22,1020926,"ORG2040119","有機可可粉","元氣工坊生機事業有限公司","臺南市永康區大灣路號","COAA","ND","中台商行臺南市善化區仁愛路號",
23,1020926,"ORG2040120","有機純味黑糖","有機園生物科技（股）公司","臺中市梧棲區港埠路一段號","TOC","ND","中台商行臺南市善化區仁愛路號",
24,1020902,"ORG2050225","有機米精","佳格食品股份有限公司","桃園縣大園鄉溪海村崙頂號","MOA","ND","丁丁藥局新富店高雄市鳳山區新富路號",
25,1020902,"ORG2050226","有機胚芽米精","鈺統食品股份有限公司","臺北市中山區龍江路巷號","TOC","ND","丁丁藥局新富店高雄市鳳山區新富路號",
26,1020930,"ORG2050239","有機綠豆","綠指南貿易有限公司","新北市板橋區信義路巷號樓","FSII","ND","台灣家樂福股份有限公司高雄市楠梓區藍田路號",
27,1020930,"ORG2050240","有機紅豆","綠指南貿易有限公司","新北市板橋區信義路巷號樓","FSII","ND","台灣家樂福股份有限公司高雄市楠梓區藍田路號",
28,1020910,"ORG2060095","有機冷壓南瓜籽油","進口商：青荷國際有限公司","服務地址：桃園市建國路號樓","bio Inspecta AG","ND","里仁事業股份有限公司羅東分公司宜蘭縣羅東鎮和平路號樓",
29,1020910,"ORG2060096","有機長壽麵","三風食品工業股份有限公司","臺中市大雅區民富街號","UCS","ND","里仁事業股份有限公司羅東分公司宜蘭縣羅東鎮和平路號樓",
30,1020910,"ORG2060097","有機鳳梨太陽花","豆之家食品科技股份有限公司","桃園縣蘆竹鄉南崁路二段巷號","TOAF","ND","里仁事業股份有限公司羅東分公司宜蘭縣羅東鎮和平路號樓",
31,1020910,"ORG2060098","有機綠茶（南非有機野生博士綠茶）","凱蔚國際股份有限公司","新北市新店區中正路四維巷號樓","ECOCERT SA","ND","統健實業股份有限公司羅東倉前門市宜蘭縣羅東鎮倉前路號樓",
32,1020910,"ORG2060101","有機第一道冷壓橄欖油","青荷國際有限公司","桃園縣桃園市建國路號樓","BIO.INSPECTA AG ","ND","統健實業股份有限公司羅東倉前門市宜蘭縣羅東鎮倉前路號樓",
33,1020917,"ORG2060103","恬沛有機第一道冷壓橄欖油","滿福實業有限公司","臺中市西屯區文心路三段號樓","CCPB srl","ND","大環淨有機食品專賣店宜蘭市舊城東路號",
34,1020917,"ORG2060106","有機陽光綜合果汁飲料","東瑞國際有限公司","新北市板橋區民有街號","Austria Bio Garantie Gmbh","ND","統健實業股份有限公司宜蘭中山門市宜蘭縣宜蘭市中山路二段號",
35,1020917,"ORG2060107","有機長秈白米","花蓮縣富里鄉有機米產銷班第二班","花蓮縣富里鄉富里村公埔路二段號","TOC","ND","統健實業股份有限公司宜蘭中山門市宜蘭縣宜蘭市中山路二段號",
36,1020925,"ORG2060108","有機龍舌蘭糖蜜","淂盛實業有限公司","臺南市永康區中華路號樓之","BCS Oko-Garantie GmbH","ND","馬來西亞商科士威有限公司台灣分公司宜蘭神農美妝店宜蘭縣宜蘭市神農路段號",
37,1020925,"ORG2060109","有機野生藍莓果醬","馬來西亞商科士威有限公司台灣分公司","臺中市西區大隆路號樓之","QAI","ND","馬來西亞商科士威有限公司台灣分公司宜蘭神農美妝店宜蘭縣宜蘭市神農路段號",
38,1020904,"ORG2070123","有機八寶米","菩提有機食品工廠","嘉義縣民雄鄉文隆村鄰鴨母號","TOC","ND","中壢中美店桃園縣中壢市中美路段號",
39,1020904,"ORG2070124","有機綠茶","觀心農場","臺東縣鹿野鄉永安村高台路巷號號","MOA","ND","中壢中美店桃園縣中壢市中美路段號",
40,1020904,"ORG2070125","有機轉型期老茶樹紅茶","東邦紅茶股份有限公司","臺北市中山區民生東路段號之","MOA","ND","中壢中美店桃園縣中壢市中美路段號",
41,1020904,"ORG2070126","有機轉型期手採蜜香紅茶","林立偉（玉露茶園）","宜蘭縣大同鄉松羅村鹿場路號","TOAF","ND","中壢中美店桃園縣中壢市中美路段號",
42,1020904,"ORG2070128","有機純蔓越莓果汁","簡單生活開發有限公司","新竹縣竹北市成功六街號樓","Quality Certification Services","ND","中壢中美店桃園縣中壢市中美路段號",
43,1020904,"ORG2070129","有機純石榴汁","簡單生活開發有限公司","新竹縣竹北市成功六街號樓","Quality Certification Services","ND","中壢中美店桃園縣中壢市中美路段號",
44,1020904,"ORG2070130","有機純檸檬汁","簡單生活開發有限公司","新竹縣竹北市成功六街號樓","Quality Certification Services","ND","中壢中美店桃園縣中壢市中美路段號",
45,1020911,"ORG2070131","德國有機紅甜菜根汁","苗林食品有限公司","臺北市松江路巷號","BCS Oko-Garantie GmbH","ND","可利盛商行桃園縣八德市介壽路段號",
46,1020911,"ORG2070132","有機蘋果醋","統一生機開發股份有限公司","桃園縣中壢市工業區定寧路號","Organic Certifiers","ND","可利盛商行桃園縣八德市介壽路段號",
47,1020911,"ORG2070133","有機草莓果醬","統一生機開發股份有限公司","桃園縣中壢市工業區定寧路號","QAI","ND","可利盛商行桃園縣八德市介壽路段號",
48,1020911,"ORG2070134","恬沛有機第一道冷壓橄欖油","滿福實業有限公司","臺中市文心路段號","CCPB srl","ND","可利盛商行桃園縣八德市介壽路段號",
49,1020911,"ORG2070135","有機駱尼原汁","亞積生物科技股份有限公司","臺北市和平東路段號","BCS Oko-Garantie GmbH","ND","可利盛商行桃園縣八德市介壽路段號",
50,1020911,"ORG2070136","西班牙有機白酒醋","出塵塘有限公司","臺中市河南路段號","Autoridad de Control de ","ND","可利盛商行桃園縣八德市介壽路段號",
51,1020911,"ORG2070137","義大利有機細麵","一語堂國際貿易有限公司","新北市林口區工九路號","CCPB srl","ND","可利盛商行桃園縣八德市介壽路段號",
52,1020911,"ORG2070138","美國有機磨菇番茄義大利麵醬","一語堂國際貿易有限公司","新北市林口區工九路號","QAI","ND","可利盛商行桃園縣八德市介壽路段號",
53,1020911,"ORG2070139","特級有機純橄欖油","宏常有限公司","臺北市長春路號樓","CONSELL CATALA DE LA PRODUCCIO AGRARIA ECOLOGICA","ND","可利盛商行桃園縣八德市介壽路段號",
54,1020911,"ORG2070140","歌西里莊園有機紅葡萄酒","南聯國際貿易股份有限公司","臺北市信義區忠孝東路四段號樓","ECOCERT","ND","可利盛商行桃園縣八德市介壽路段號",
55,1020913,"ORG2070157","瑞雀有機純鮮椰油","瑞雀企業有限公司","高雄市楠梓區後昌路號","Global Organic Alliance, Inc.","ND","蕃薯藤有限公司南崁分公司縣蘆竹鄉南興村中正北路之號",
56,1020925,"ORG2070159","有機草莓果醬","大潤發流通事業股份有限公司","臺北市中山區八德路段號","ECOCERT SAS","ND","大潤發流通事業股份有限公司桃園縣八德市介壽路段號",
57,1020925,"ORG2070160","天廚野苺藍有機藍莓汁","台東興業股份有限公司","臺北市中正區衡陽路號","IMO Institut fur Marktokologie GmbH","ND","大潤發流通事業股份有限公司桃園縣八德市介壽路段號",
58,1020925,"ORG2070161","有機義式蔬菜餃","大潤發流通事業股份有限公司","臺北市中山區八德路段號","ECOCERT SAS","ND","大潤發流通事業股份有限公司桃園縣八德市介壽路段號",
59,1020925,"ORG2070162","有機蘋果醬","大潤發流通事業股份有限公司","臺北市中山區八德路段號","ECOCERT SAS","ND","大潤發流通事業股份有限公司桃園縣八德市介壽路段號",
60,1020925,"ORG2070163","義大利有機冷壓芝麻籽油","大潤發流通事業股份有限公司","臺北市中山區八德路段號","BioAgriCert s.r.l","ND","大潤發流通事業股份有限公司桃園縣八德市介壽路段號",
61,1020925,"ORG2070164","義大利有機三色斜管麵","一語堂國際貿易有限公司","新北市林口區工九路號","CCPB srl","ND","大潤發流通事業股份有限公司桃園縣八德市介壽路段號",
62,1020925,"ORG2070165","有機蔗糖","大潤發流通事業股份有限公司","臺北市中山區八德路段號","ECOCERT SAS","ND","大潤發流通事業股份有限公司桃園縣八德市介壽路段號",
63,1020925,"ORG2070166","有機小松菜","彰化縣溪洲鎮蔬菜產銷班第班","彰化縣溪洲鄉中山路段號","UCS","ND","大潤發流通事業股份有限公司桃園縣八德市介壽路段號",
64,1020925,"ORG2070167","有機黃豆胚芽","彰化縣溪洲鎮蔬菜產銷班第班","彰化縣溪洲鄉中山路段號","UCS","ND","大潤發流通事業股份有限公司桃園縣八德市介壽路段號",
65,1020925,"ORG2070168","有機青江菜","嘉凱有機行銷開發有限公司","雲林縣西螺鎮新安里振安路號","COAA","ND","大潤發流通事業股份有限公司桃園縣八德市介壽路段號",
66,1020925,"ORG2070169","有機珍珠芭樂","彰化縣溪洲鎮蔬菜產銷班第班","彰化縣溪洲鄉中山路段號","UCS","ND","大潤發流通事業股份有限公司桃園縣八德市介壽路段號",
67,1020930,"ORG2080032","有機黑麥片","擁潔股份有限公司","臺北市西園路段號","UCS","ND","柑仔店股份有限公司竹北店",
68,1020930,"ORG2080033","有機黃豆","擁潔股份有限公司","臺北市西園路段號","UCS","ND","柑仔店股份有限公司竹北店",
69,1020930,"ORG2080034","有機德國全麥麵粉（低筋）","擁潔股份有限公司","臺北市西園路段號","UCS","ND","柑仔店股份有限公司竹北店",
70,1020930,"ORG2080035","有機黑豆","萬里香食品廠","桃園縣大溪鎮中央路號","UCS","ND","柑仔店股份有限公司竹北店",
71,1020911,"ORG2090085","有機白菜轉型期","陳添益","彰化縣永靖鄉崙子村九分路號","TOPA","ND","松青商業股份有限公司卓蘭分公司苗栗縣卓蘭鎮昭永路號",
72,1020911,"ORG2090087","有機青仁黑豆","日正食品工業股份有限公司","南投市自強三路號","MOA","ND","松青商業股份有限公司卓蘭分公司苗栗縣卓蘭鎮昭永路號",
73,1020911,"ORG2090097","有機冷凍玉米塊","民生食品工業股份有限公司","彰化縣北斗鎮中山路二段巷號","TOC","ND","里仁事業股份有限公司苑裡分公司苗栗縣苑裡鎮新興路號樓",
74,1020917,"ORG20110053","有機玫瑰花瓣醬","傘甘甜點工坊","南投縣竹山鎮延平路號","未標示","ND","茶生津茶莊（溪頭店）南投縣鹿谷鄉內湖村興產路號",
75,1020914,"ORG2150070","有機茶","棋著有限公司","臺中市南屯區公益路段號","NCKU","ND","里仁商店臺東市更生路號",
76,1020914,"ORG2150071","有機燕麥麵","鈺統食品股份有限公司","臺北市中山區龍江路巷號","TOC","ND","里仁商店臺東市更生路號",
77,1020914,"ORG2150072","有機酸高麗菜","聖朝食品股份公司","臺中市神岡路號","TOC","ND","里仁商店臺東市更生路號",
78,1020914,"ORG2150073","有機合菇","青葉食品工業股份有限公司","臺北市中山區南京東路段號","TOC","ND","里仁商店臺東市更生路號",
79,1020914,"ORG2150074","有機味噌辣椒醬","美福行","宜蘭市女中路段號","TOC","ND","里仁商店臺東市更生路號",
80,1020914,"ORG2150075","杏鮑菇（大）有機","蕈優生物科技農場","彰化線埔心鄉員鹿路段號","TOC","ND","里仁商店臺東市更生路號",
81,1020927,"ORG2150076","有機大枸杞","康寶實業股份有限公司","新北市新店區中正路號樓","TOC","ND","無毒的家有機生活館臺東市大同路號樓",
82,1020927,"ORG2150077","有機高鈣酵素燕麥奶","元豪食品有限公司","臺中市大仁街號","COAA","ND","無毒的家有機生活館臺東市大同路號樓",
83,1020926,"ORG2160056","富里有機糙米","花蓮縣富里鄉農會","花蓮縣富里鄉羅山村鄰東湖號","NCKU","ND","花蓮縣農會無毒優質農特產品展售中心花蓮縣國聯里商校街號",
84,1020926,"ORG2160064","富里有機胚芽白米","花蓮縣富里鄉農會","花蓮縣富里鄉羅山村鄰東湖號","NCKU","ND","花蓮縣農會無毒優質農特產品展售中心花蓮縣國聯里商校街號",
85,1020926,"ORG2160065","富里有機白米","花蓮縣富里鄉農會","花蓮縣富里鄉羅山村鄰東湖號","NCKU","ND","花蓮縣農會無毒優質農特產品展售中心花蓮縣國聯里商校街號",
86,1020917,"ORG2180002","鴨間稻自然生態米","泉順食品企業股份有限公司","苗栗縣苑裡鎮溪頭玉田里號","TOAF","ND","無毒生活家基隆市信義區信二路號號",
87,1020917,"ORG2180003","有機純天然野生藍莓綜合果汁","宏常有限公司","臺北市長春路號樓","SGS","ND","無毒生活家基隆市信義區信二路號號",
88,1020917,"ORG2180005","有機杏桃乾","養頤實業股份有限公司","臺北市文山區新光路段號","Ecocert canada","ND","無毒生活家基隆市信義區信二路號號",
89,1020917,"ORG2180006","有機脆梅","清亮生態農場","臺東市志航路段巷號","TOAF","ND","無毒生活家基隆市信義區信二路號號",
90,1020917,"ORG2180007","有機冷壓初榨芝麻油","佰研生化科技股份有限公司","臺北市南港區園區街號之","OCIA International","ND","無毒生活家基隆市信義區信二路號號",
91,1020917,"ORG2180009","有機德國酸菜","養頤實業股份有限公司","臺北市文山區新光路段號","OCIA International","ND","無毒生活家基隆市信義區信二路號號",
92,1020917,"ORG2180010","有機五行刀削麵","展康國際有機（股）公司","臺中市豐原區西勢路號","UCS","陶斯松","無毒生活家基隆市信義區信二路號號",
93,1020926,"ORG2190031","有機黃豆","青荷國際有限公司","桃園市建國路號","TOC","ND","聖德科斯天然有機新竹市光華街號",
94,1020926,"ORG2190032","有機黑苺紅石榴果醬","統一生機開發股份有限公司","桃園縣中壢市定寧路號樓","QAI","ND","聖德科斯天然有機新竹市光華街號",
95,1020926,"ORG2190033","美國有機黑葡萄乾","綠指南貿易有限公司","新北市板橋區信義路巷號樓","FSII","ND","聖德科斯天然有機新竹市光華街號",
96,1020903,"ORG2200031","有機豆豉醬","喜樂愛之泉有限公司","臺中市北區文祥街號","TOC","ND","特力屋股份有限公司和樂嘉義分公司嘉義市東區中庄里忠孝路號",
97,1020927,"ORG2210001","有機白米","臺東縣池上鄉農會","臺東縣池上鄉新興村鄰號","MOA","ND","金門縣農會特產品展售中心金門縣金城鎮北門里民生路號",
98,1020927,"ORG2210002","有機能量糙米粉","愛家食華有限公司","桃園縣平鎮市中豐路段號","UCS","ND","金門縣農會特產品展售中心金門縣金城鎮北門里民生路號",
99,1020927,"ORG2210003","有機能量黃豆粉","愛家食華有限公司","桃園縣平鎮市中豐路段號","UCS","ND","金門縣農會特產品展售中心金門縣金城鎮北門里民生路號",
1,1021002,"ORG2010344","有機三寶米","民豐有機農場","宜蘭縣礁溪鄉吳沙村四結路號","TOAF","ND","里仁事業股份有限公司板橋中正分公司新北市板橋區中正路號樓",
2,1021002,"ORG2010345","東豐有機米","花蓮縣玉里鎮稻米產銷班第一班","花蓮縣玉里鎮東豐里棣芬號","TOC","ND","里仁事業股份有限公司板橋中正分公司新北市板橋區中正路號樓",
3,1021007,"ORG2010349","鴨間稻有機白米","泉順食品企業股份有限公司","苗栗縣苑裡鎮玉田里號","TOC","ND","特力屋股份有限公司臺北縣土城市青雲路號樓",
4,1021008,"ORG2010353","有機冷壓初榨橄欖油","泰宗生物科技股份有限公司","臺北市基湖路巷號","Prufverein Verarbeitung okologische Landbauprodukte e.V.","ND","綠色大帝股份有限公司新北市板橋區民族里漢生東路號",
5,1021008,"ORG2010354","有機去皮蕃茄","泰宗生物科技股份有限公司","臺北市基湖路巷號","Prufverein Verarbeitung okologische Landbauprodukte e.V.","ND","綠色大帝股份有限公司新北市板橋區民族里漢生東路號",
6,1021022,"ORG2010357","有機純蘋果汁","簡單生活開發有限公司","新竹縣竹北市成功六街號","QCS","ND","里仁事業股份有限公司新北市新莊區新泰路號",
7,1021022,"ORG2010358","德國有機蕃茄醬","苗林食品有限公司","臺北市松江路巷號","Lacon GmbH","ND","里仁事業股份有限公司新北市新莊區新泰路號",
8,1021024,"ORG2010359","有機德國全麥麵粉","擁潔股份有限公司","臺北市西園路段號","UCS","ND","綠色大帝股份有限公司永中分公司新北市永和區中和路號",
9,1021024,"ORG2010360","有機四喜什錦麥片","擁潔股份有限公司","臺北市西園路段號","UCS","ND","綠色大帝股份有限公司永中分公司新北市永和區中和路號",
10,1021024,"ORG2010361","德國維可有機西洋梨果汁","泰宗生物科技股份有限公司","臺北市基湖路巷號","Prufverein Verarbeitung","ND","綠色大帝股份有限公司永中分公司新北市永和區中和路號",
11,1021024,"ORG2010362","有機純蔓越莓果汁","簡單生活開發有限公司","新竹縣竹北市成功六街號","QCS","ND","永和永貞店新北市中和區永貞路號",
12,1021029,"ORG2010366","有機椰子油","達門企業有限公司","臺北市錦州街號之","Control Union Certifications B.V.","ND","棉花田生機園地股份有限公司新店中華門市新北市新店區中華路號樓",
13,1021029,"ORG2010367","有機葡萄醋","廣博實業股份有限公司","臺北市南港區園區街號之","ECOGRUPPO ITALIA S.r.l.","ND","棉花田生機園地股份有限公司新店中華門市新北市新店區中華路號樓",
14,1021029,"ORG2010368","有機金黃葡萄乾","簡單生活開發有限公司","新竹縣竹北市成功六街號","TOC","ND","新店中華店新北市新店區中華路號",
15,1021029,"ORG2010369","新高山有機全麥粉","聯美實業股份有限公司","臺北市承德路段號","TOC","ND","新店中華店新北市新店區中華路號",
16,1021029,"ORG2010370","有機阿里山轎篙筍","龍雲農產加工廠","嘉義縣竹崎鄉中和村石棹路號","TOC","ND","新店中華店新北市新店區中華路號",
17,1021003,"ORG2020588","德米得頂級有機檸檬汁","德米得企業有限公司","新北市土城區慶利街號","Prufverein Verarbeitung","ND","健康發酵食品行臺北市萬大路號",
18,1021003,"ORG2020589","歐特有機黑豆","正原有機國際有限公司","新北市板橋區信義路巷號","FSII","ND","健康發酵食品行臺北市萬大路號",
19,1021003,"ORG2020592","歐芙有機純蘋果汁","滿福實業有限公司","臺中市文心路段號","Oregon Tilth Certified Organic","ND","棉花田生機園地股份有限公司臺北市萬華區青年路號樓",
20,1021003,"ORG2020593","德國有機蔓越莓汁","清淨生活有限公司","屏東縣潮州鎮新生路號","QC&I GmbH","ND","棉花田生機園地股份有限公司臺北市萬華區青年路號樓",
21,1021003,"ORG2020594","德國有機檸檬汁","活力陽光企業有限公司","屏東縣潮州鎮榮吉街號","QC&I GmbH","ND","棉花田生機園地股份有限公司臺北市萬華區青年路號樓",
22,1021003,"ORG2020597","有機能量飲料","廣博實業股份有限公司","臺北市南港區園區街號之","Austria Bio Garantie","ND","棉花田生機園地股份有限公司臺北市萬華區青年路號樓",
23,1021003,"ORG2020598","德國有機甜菜根糖蜜","智慧有機體股份有限公司","臺北市南京東路段號","BCS Oko-Garantie GmbH","ND","棉花田生機園地股份有限公司臺北市萬華區青年路號樓",
24,1021003,"ORG2020599","有機蔓越莓乾","葆祥實業有限公司","新北市鶯歌區中正三路巷號","TOAF","ND","棉花田生機園地股份有限公司臺北市萬華區青年路號樓",
25,1021003,"ORG2020601","德國維可有機蘋果汁","泰宗生物科技股份有限公司","臺北市基湖路巷號","Prufverein Verarbeitung","ND","棉花田生機園地股份有限公司臺北市萬華區青年路號樓",
26,1021003,"ORG2020602","有機胡蘿蔔","三崧貿易有限公司","新北市中和區橋安街號","FSII","ND","棉花田生機園地股份有限公司臺北市萬華區青年路號樓",
27,1021003,"ORG2020603","美國有機加拉蘋果","觀展物流事業股份有限公司","臺中市西屯區協和里工業區二路號","Oregon Tilth Certified Organic","ND","棉花田生機園地股份有限公司臺北市萬華區青年路號樓",
28,1021003,"ORG2020604","美國有機蘋果","華宥企業有限公司","桃園市大豐里樹林七街號","UCS","ND","好水田有限公司臺北市內江街、號",
29,1021003,"ORG2020605","紐西蘭有機蘋果（）","華宥企業有限公司","桃園市大豐里樹林七街號","UCS","ND","好水田有限公司臺北市內江街、號",
30,1021003,"ORG2020606","有機蘋果汁","綠指南貿易有限公司","新北市板橋區信義路巷號","Certified Organic by Oregon Tilth","ND","長沙門市臺北市萬華區長沙街段號",
31,1021003,"ORG2020607","早晨榮耀有機黑棗黑梅汁","力象股份有限公司","臺北市南港區三重路號之","QAI","ND","長沙門市臺北市萬華區長沙街段號",
32,1021003,"ORG2020608","有機全麥麵粉","統一生機開發股份有限公司","桃園縣中壢市定寧路號樓","TOC","ND","長沙門市臺北市萬華區長沙街段號",
33,1021003,"ORG2020609","有機石榴汁","味榮食品工業股份有限公司","臺中市豐原區西勢路號","BCS Oko-Garantie GmbH","ND","長沙門市臺北市萬華區長沙街段號",
34,1021003,"ORG2020610","有機速凍青花菜","綠邦食品生技股份有限公司","臺中市北屯區平福里安順東七街號","ECOCERT S.A.S.","ND","長沙門市臺北市萬華區長沙街段號",
35,1021003,"ORG2020611","有機速凍混合蔬菜活力四色","綠邦食品生技股份有限公司","臺中市北屯區平福里安順東七街號","ECOCERT S.A.S.","ND","長沙門市臺北市萬華區長沙街段號",
36,1021003,"ORG2020612","有機速凍混合蔬菜（健康時蔬","綠邦食品生技股份有限公司","臺中市北屯區平福里安順東七街號","ECOCERT S.A.S.","ND","長沙門市臺北市萬華區長沙街段號",
37,1021011,"ORG2020613","有機研磨咖啡","通福有限公司","臺北市南港區重陽路巷號樓之一","SCS","ND","雅特蔬果飲料舖臺北市民權西路巷號樓",
38,1021011,"ORG2020614","有機義大利貝殼麵","活力陽光企業有限公司","屏東縣潮州鎮榮吉街號","QC&I GmbH","ND","雅特蔬果飲料舖臺北市民權西路巷號樓",
39,1021011,"ORG2020615","有機綠豆","綠指南貿易有限公司","新北市板橋去信義路巷號","FSII","ND","統健實業股份有限公司延平北門市臺北市大同區建平北路號樓",
40,1021011,"ORG2020616","義大利有機三色斜管麵","一語堂國際貿易有限公司","新北市林口區工九路號","CCPB srl","ND","統健實業股份有限公司延平北門市臺北市大同區建平北路號樓",
41,1021011,"ORG2020617","美國有機黑棗乾","綠指南貿易有限公司","新北市板橋去信義路巷號","FSII","ND","統健實業股份有限公司延平北門市臺北市大同區建平北路號樓",
42,1021011,"ORG2020618","歐芙有機檸檬汁","有幾園生物科技（股）公司","臺中市梧棲區港埠路段號","BioAgriCert S.r.l.","ND","統健實業股份有限公司延平北門市臺北市大同區建平北路號樓",
43,1021011,"ORG2020620","加拿大有機整顆蔓越莓乾","綠指南貿易有限公司","新北市板橋區信義路巷號","FSII","ND","統健實業股份有限公司延平北門市臺北市大同區建平北路號樓",
44,1021011,"ORG2020621","德國有機腰果燕麥片","智慧有機體股份有限公司","臺北市南京東路段號","BCS Oko-Garantie GmbH","ND","統健實業股份有限公司延平北門市臺北市大同區建平北路號樓",
45,1021011,"ORG2020622","肯寶有機大紅棗","葆祥實業有限公司","新北市鶯歌區中正三路巷號","TOC","ND","統健實業股份有限公司延平北門市臺北市大同區建平北路號樓",
46,1021011,"ORG2020623","西班牙莎蘿瑪百年橄欖莊園有機「初榨冷壓橄欖油」","智慧有機體股份有限公司","臺北市南京東路段號","CAAE","ND","統健實業股份有限公司延平北門市臺北市大同區建平北路號樓",
47,1021011,"ORG2020624","有機手作黑糖","綠指南貿易有限公司","新北市板橋區信義路巷號","FSII","ND","統健實業股份有限公司延平北門市臺北市大同區建平北路號樓",
48,1021011,"ORG2020625","有機即食大燕麥片","葆祥實業有限公司","新北市鶯歌區中正三路巷號","TOC","ND","統健實業股份有限公司延平北門市臺北市大同區建平北路號樓",
49,1021011,"ORG2020626","有機什錦珍果麥片","簡單生活開發有限公司","新竹縣竹北市成功六街號","TOC","ND","統健實業股份有限公司延平北門市臺北市大同區建平北路號樓",
50,1021011,"ORG2020627","有機香醇黑糖","簡單生活開發有限公司","新竹縣竹北市成功六街號","TOC","ND","統健實業股份有限公司延平北門市臺北市大同區建平北路號樓",
51,1021011,"ORG2020628","日光鮮物有機冷壓高燃點葵花油","東瑞國際有限公司","新北市板橋區民有街號","ECOCERT","ND","統健實業股份有限公司延平北門市臺北市大同區建平北路號樓",
52,1021011,"ORG2020629","有機南瓜子仁","簡單生活開發有限公司","新竹縣竹北市成功六街號","TOC","ND","統健實業股份有限公司延平北門市臺北市大同區建平北路號樓",
53,1021016,"ORG2020630","歐特有機全穀紫麥片","綠指南貿易有限公司","新北市板橋區信義路巷號","FSII","ND","大環淨有機超市臺北市興隆路段號",
54,1021016,"ORG2020631","歐特有機全穀大燕麥片","綠指南貿易有限公司","新北市板橋區信義路巷號","FSII","ND","大環淨有機超市臺北市興隆路段號",
55,1021016,"ORG2020632","德國納圖拉有機楓糖漿","泰宗生物科技股份有限公司","臺北市基湖路巷號","Prufverein Verarbeitung","ND","大環淨有機超市臺北市興隆路段號",
56,1021016,"ORG2020633","有機燕麥片","雅辰貿易有限公司","新北市汐止區南陽街號","中華驗證有限公司","ND","大環淨有機超市臺北市興隆路段號",
57,1021016,"ORG2020634","有機夏威夷沙拉醬","雅辰貿易有限公司","新北市汐止區南陽街號","OC","ND","大環淨有機超市臺北市興隆路段號",
58,1021016,"ORG2020635","有機葵花籽","雅辰貿易有限公司","新北市汐止區南陽街號","TOC","ND","大環淨有機超市臺北市興隆路段號",
59,1021016,"ORG2020636","有機黑芝麻（粒）","雅辰貿易有限公司","新北市汐止區南陽街號","TOC","三落松貝芬替","大環淨有機超市臺北市興隆路段號",
60,1021016,"ORG2020638","有機純橄欖油","雅辰貿易有限公司","新北市汐止區南陽街號","OC","ND","大環淨有機超市臺北市興隆路段號",
61,1021016,"ORG2020639","美好人生有機紅豆","海力捷國際開發（股）公司","新北市中和區中山路段巷號","COAA","ND","健康食彩股份有限公司文山興隆門市臺北市文山區興隆路段號",
62,1021016,"ORG2020642","德米得頂級有機白葡萄汁","德米得企業有限公司","新北市土城區慶利街號","Prufverein Verarbeitung","ND","健康食彩股份有限公司文山興隆門市臺北市文山區興隆路段號",
63,1021016,"ORG2020643","有機可催芽黃豆","有機園生物科技股份有限公司","臺中市梧棲區港埠路段號","TOC","ND","健康食彩股份有限公司文山興隆門市臺北市文山區興隆路段號",
64,1021016,"ORG2020644","進口青花菜有機","福業國際股份有限公司","臺北市松山區南京東路段號","TOC","ND","萬芳里仁臺北市文山區興隆路段號",
65,1021016,"ORG2020649","綠色奇異果（粒）有機","鳴和實業有限公司","臺北市中正區羅斯福路段號樓","BIOGRO NEW ZEALAND LTD","ND","萬芳里仁臺北市文山區興隆路段號",
66,1021029,"ORG2020652","有機進口洋蔥","德豐事業有限公司","新北市林口區文化三路段巷號之","TOC","ND","棉花田生機園地股份有限公司臺北市信義區忠孝東路段號樓",
67,1021029,"ORG2020658","美國有機葫蘿蔔","大福生技農業有限公司","新竹市香山區大湖里五福路段巷號","TOPA","ND","棉花田生機園地股份有限公司臺北市信義區忠孝東路段號樓",
68,1021029,"ORG2020661","有機奇異果","鳴和實業有限公司","臺北市中正區羅斯福路段號樓","BIOGRO NEW ZEALAND LTD","ND","棉花田生機園地股份有限公司臺北市信義區忠孝東路段號樓",
69,1021029,"ORG2020675","美國有機蘋果","綠純有機蔬果","彰化縣溪州鄉中山路號樓","UCS","ND","潤泰創新國際（股）公司臺北市八德路段號",
70,1021029,"ORG2020676","進口有機綠色奇異果","綠純有機蔬果","彰化縣溪州鄉中山路號樓","UCS","ND","潤泰創新國際（股）公司臺北市八德路段號",
71,1021029,"ORG2020677","進口有機胡蘿蔔","綠純有機蔬果","彰化縣溪州鄉中山路號樓","UCS","ND","潤泰創新國際（股）公司臺北市八德路段號",
72,1021029,"ORG2020679","進口有機金黃洋蔥","綠純有機蔬果","彰化縣溪州鄉中山路號樓","UCS","ND","潤泰創新國際（股）公司臺北市八德路段號",
73,1021029,"ORG2020681","進口有機美國洋蔥","嘉凱有機行銷開發有限公司","雲林縣西螺鎮新興路巷號樓","中華驗證有限公司","ND","潤泰創新國際（股）公司臺北市八德路段號",
74,1021029,"ORG2020682","有機即食大燕麥片","葆祥實業有限公司","新北市鶯歌區中正三路巷號","TOAF","ND","潤泰創新國際（股）公司臺北市八德路段號",
75,1021029,"ORG2020683","義大利有機冷壓芥花籽油","大潤發流通事業股份有限公司","臺北市中山區八德路段號地下二樓","BIOAGRICERT S.R.L.","ND","潤泰創新國際（股）公司臺北市八德路段號",
76,1021029,"ORG2020684","義大利有機冷壓葵花籽油","大潤發流通事業股份有限公司","臺北市中山區八德路段號地下二樓","BIOAGRICERT S.R.L.","ND","潤泰創新國際（股）公司臺北市八德路段號",
77,1021029,"ORG2020685","義大利有機冷壓芝麻籽油","大潤發流通事業股份有限公司","臺北市中山區八德路段號地下二樓","BIOAGRICERT S.R.L.","ND","潤泰創新國際（股）公司臺北市八德路段號",
78,1021029,"ORG2020686","有機蔗糖盒","大潤發流通事業股份有限公司","臺北市中山區八德路段號地下二樓","ECOCERT SAS","ND","潤泰創新國際（股）公司臺北市八德路段號",
79,1021029,"ORG2020687","紐西蘭有機蘋果","綠純有機蔬果","彰化縣溪州鄉中山路號樓","UCS","ND","潤泰創新國際（股）公司臺北市八德路段號",
80,1021029,"ORG2020688","麥維爾澳洲特級有機燕麥片（澳洲有機燕麥片）","吉利高股份有限公司","臺中市工業區路號","COAA","ND","潤泰創新國際（股）公司臺北市八德路段號",
81,1021029,"ORG2020689","義大利有機特級橄欖油","大潤發流通事業股份有限公司","臺北市中山區八德路段號地下二樓","BIOAGRICERT S.R.L.","ND","潤泰創新國際（股）公司臺北市八德路段號",
82,1021029,"ORG2020690","義大利有機葵花籽調和油","大潤發流通事業股份有限公司","臺北市中山區八德路段號地下二樓","BIOAGRICERT S.R.L.","ND","潤泰創新國際（股）公司臺北市八德路段號",
83,1021030,"ORG2020691","有機黃豆芽","陳佑源（自然世淨）","臺中市后里區后里里三豐路巷號","UCS","ND","全聯實業股份有限公司臺北市中正區忠孝東路段號",
84,1021030,"ORG2020692","有機綠豆芽","陳佑源（自然世淨）","臺中市后里區后里里三豐路巷號","UCS","ND","全聯實業股份有限公司臺北市中正區忠孝東路段號",
85,1021002,"ORG2030237","公平貿易有機黑胡椒粒","馥聚有限公司","新北市汐止區新台五路一段號樓之","Control Union Certifications B.V.","ND","台灣主婦聯盟生活消費合作社東海站臺中市中港路段巷弄號",
86,1021002,"ORG2030238","有機米碾製品","宜蘭縣三星鄉有機米產銷班第一班","宜蘭縣三星鄉大洲二路號","HOA","ND","台灣主婦聯盟生活消費合作社東海站臺中市中港路段巷弄號",
87,1021002,"ORG2030239","有機冷壓橄欖油","瑪諾蘭迦工作室","高雄市美濃區中興路段號","CCPB srl","ND","台灣主婦聯盟生活消費合作社東海站臺中市中港路段巷弄號",
88,1021002,"ORG2030240","有機義大利麵條","瑪諾蘭迦工作室","高雄市美濃區中興路段號","Suolo & Salute srl","ND","台灣主婦聯盟生活消費合作社東海站臺中市中港路段巷弄號",
89,1021002,"ORG2030250","有機蔓越莓果汁","統一生機開發股份有限公司","桃園縣中壢市定寧路號樓","QAI","ND","台灣糖業股份有限公司量販事業部西屯量販店臺中市西屯區臺中港路段之號",
90,1021002,"ORG2030251","囍瑞花之蝶有機紅葡萄酒","宏常有限公司","臺北市中山區長春路號樓","SERVICIO DE CERTIFICACION CAAE","ND","台灣糖業股份有限公司量販事業部西屯量販店臺中市西屯區臺中港路段之號",
91,1021002,"ORG2030252","有機糙米","台灣糖業股份有限公司有機碾米廠","雲林縣虎尾鎮安慶里中山路號","MOA","ND","台灣糖業股份有限公司量販事業部西屯量販店臺中市西屯區臺中港路段之號",
92,1021002,"ORG2030253","進口有機胡蘿蔔","綠純有機蔬果","彰化縣溪州鄉中山路號樓","UCS","ND","台灣糖業股份有限公司量販事業部西屯量販店臺中市西屯區臺中港路段之號",
93,1021002,"ORG2030254","有機黃豆","統一生機開發股份有限公司","桃園縣中壢市定寧路號樓","TOC","ND","台灣糖業股份有限公司量販事業部西屯量販店臺中市西屯區臺中港路段之號",
94,1021021,"ORG2030260","有機糙米粉","元豪食品有限公司","臺中市大仁街號","中華驗證有限公司","ND","元豪食品有限公司臺中市大仁街號",
95,1021031,"ORG2030275","有機駱尼原汁","亞積生物科技股份有限公司","臺北市信義區和平東路三段號樓","BCS Oko-Garantie GmbH","ND","莉莉安的人本有機世界學士店臺中市北屯區學士路號",
96,1021031,"ORG2030276","德國有機濃醇黑麥汁","擁潔股份有限公司","臺北市西園路段號樓","BCS Oko-Garantie GmbH","ND","莉莉安的人本有機世界學士店臺中市北屯區學士路號",
97,1021031,"ORG2030277","有機白木耳","陽光有機事業有限公司","屏東縣潮州鎮榮吉街號","TOC","ND","莉莉安的人本有機世界學士店臺中市北屯區學士路號",
98,1021031,"ORG2030278","歐特有機特級冷壓橄欖油","正原有機國際有限公司","新北市板橋區信義路巷號樓","未標示","ND","莉莉安的人本有機世界學士店臺中市北屯區學士路號",
99,1021031,"ORG2030279","德米得皇家豐收有機冷壓亞麻油","德米得企業有限公司","新北市土城區慶利街號樓","Pro-Cert  ","ND","莉莉安的人本有機世界學士店臺中市北屯區學士路號",
100,1021022,"ORG2040138","有機白米","花蓮縣富里鄉農會碾米加工廠","花蓮縣富里鄉羅山村鄰東湖號","NCKU","ND","統健實業股份有限公司南門門市臺南市南門路號",
101,1021022,"ORG2040139","有機黃金脆豆","綠指南貿易有限公司","新北市板橋區信義路巷號","FSII","ND","統健實業股份有限公司南門門市臺南市南門路號",
102,1021022,"ORG2040140","加拿大有機整顆蔓越莓乾","綠指南貿易有限公司","新北市板橋區信義路巷號","FSII","ND","統健實業股份有限公司南門門市臺南市南門路號",
103,1021022,"ORG2040141","加州有機綠葡萄乾","綠指南貿易有限公司","新北市板橋區信義路巷號","FSII","ND","統健實業股份有限公司南門門市臺南市南門路號",
104,1021031,"ORG2040158","有機白米","臺東縣池上鄉農會","臺東縣池上鄉中山路號","MOA","ND","麻豆區農會農特產品供應中心臺南市麻豆區新生北路號",
105,1021009,"ORG2050241","有機黃豆","日正食品工業股份有限公司","臺北市文山區萬芳路號","MOA","ND","全聯實業股份有限公司高雄縣路竹鄉竹南村鄰中正路號",
106,1021009,"ORG2050242","有機綠豆","日正食品工業股份有限公司","臺北市文山區萬芳路號","MOA","ND","全聯實業股份有限公司高雄縣路竹鄉竹南村鄰中正路號",
107,1021009,"ORG2050243","有機黃豆","綠指南貿易有限公司","新北市板橋區信義路巷號","FSII","ND","全聯實業股份有限公司高雄縣路竹鄉竹南村鄰中正路號",
108,1021009,"ORG2050244","有機葵瓜子","綠指南貿易有限公司","新北市板橋區信義路巷號","FSII","ND","全聯實業股份有限公司高雄縣路竹鄉竹南村鄰中正路號",
109,1021009,"ORG2050245","麥維爾澳洲特級有機燕麥片","吉利高股份有限公司","臺中市工業區路號","COAA","ND","全聯實業股份有限公司高雄縣路竹鄉竹南村鄰中正路號",
110,1021009,"ORG2050253","有機燕麥奶含天然海藻鈣","宏常有限公司","臺北市長春路號","CCPAE","ND","橋頭區農會農特產品展售中心高雄市橋頭區橋南路號地下室",
111,1021009,"ORG2050254","囍瑞有機燕麥杏仁奶","宏常有限公司","臺北市長春路號","CCPAE","ND","橋頭區農會農特產品展售中心高雄市橋頭區橋南路號地下室",
112,1021001,"ORG2060110","好鮮有機甜菜汁","清淨生活有限公司","屏東縣潮州鎮新生路號","LACON GmbH                                   ","ND","美福行宜蘭市女中路段號",
113,1021001,"ORG2060111","％有機純可可粉","擁潔股份有限公司","臺北市西園路二段號樓","UCS","ND","美福行宜蘭市女中路段號",
114,1021001,"ORG2060112","德國有機顆粒花生醬","智慧有機體股份有限公司","臺北市南京東路段號樓之","BCS Oko-Garantie GmbH","ND","統健實業股份有限公司宜蘭中山門市宜蘭縣宜蘭市中山路二段號樓",
115,1021001,"ORG2060113","有機草莓果醬","統一生機開發股份有限公司","桃園縣中壢市定寧路號樓","QAI","ND","統健實業股份有限公司宜蘭中山門市宜蘭縣宜蘭市中山路二段號樓",
116,1021008,"ORG2060117","有機糙米（三好米）","億東企業股份有限公司","臺北市萬華區西昌街號樓之","TOPA","ND","全聯實業股份有限公司復興分公司宜蘭市復興路二段號",
117,1021008,"ORG2060118","大地˙有機白米","建興碾米工廠富興分廠","臺東縣池上鄉中山路號","MOA","ND","全聯實業股份有限公司復興分公司宜蘭市復興路二段號",
118,1021024,"ORG2060119","有機藍莓綜合果汁","宏常有限公司","臺北市中山區長春路號樓","—","ND","家福股份有限公司宜蘭分公司宜蘭縣宜蘭市民權路二段巷號",
119,1021024,"ORG2060120","有機小松菜","彰化縣溪州鄉蔬菜產銷班第班","彰化縣溪州鄉中山路段號樓","UCS","ND","家福股份有限公司宜蘭分公司宜蘭縣宜蘭市民權路二段巷號",
120,1021015,"ORG2070170","德國有機苺果燕麥片","智慧有機體股份有限公司","臺北市南京東路段號樓之","BCS Oko-Garantie GmbH","ND","統健實業股份有限公司桃園民安門市",
121,1021015,"ORG2070176","德國有機亞麻仁子（壓碎片）","智慧有機體股份有限公司","臺北市南京東路段號樓之","BCS Oko-Garantie GmbH","ND","統健實業股份有限公司桃園民安門市",
122,1021015,"ORG2070177","有機椰子油","信男國際貿易有限公司","臺北市南京東路段號之","BIOAGRICERT S.R.L","ND","統健實業股份有限公司桃園民安門市",
123,1021015,"ORG2070178","有機金黃玉米粒","統一生機開發股份有限公司","桃園縣中壢市定寧路號樓","QAI","ND","統健實業股份有限公司桃園民安門市",
124,1021029,"ORG2070180","有機黑豆（青仁）","台灣天然成企業有限公司","高雄市三民區自由一路號","QAI","ND","苗之林有機食品專賣店桃園市三民里中山東路號樓",
125,1021029,"ORG2070182","有機糖蜜","天然成企業有限公司","高雄市三民去大港街號","QAI","ND","苗之林有機食品專賣店桃園市三民里中山東路號樓",
126,1021029,"ORG2070183","奧地利有機南瓜籽油","苗林食品有限公司","臺北市松江路巷號","Austria Bio Garantie","ND","苗之林有機食品專賣店桃園市三民里中山東路號樓",
127,1021029,"ORG2070184","喜又美美國有機大麥苗粉","麥申貿易有限公司","臺北市福德街號樓","CCOF","ND","苗之林有機食品專賣店桃園市三民里中山東路號樓",
128,1021029,"ORG2070186","義大利有機新鮮原味蕃茄濃汁","智慧有機體股份有限公司","臺北市南京東路段號樓之","CCPB srl","ND","佳家自然生活館桃園縣桃園市天祥七街號",
129,1021029,"ORG2070190","有機甜菜根汁","德米得企業有限公司","新北市土城區慶利街號","Prufverein Verarbeitung","ND","佳家自然生活館桃園縣桃園市天祥七街號",
130,1021028,"ORG2080043","有機白米","天賜糧源股份有限公司","花蓮縣富里鄉石牌村中興路號","中華驗證有限公司","ND","棉花田生機園地股份有限公司新竹縣竹北市光明一路號樓",
131,1021008,"ORG2090098","有機黑木耳","苗栗縣南庄鄉蔬菜產銷班第九班","苗栗縣南庄鄉蓬萊村鄰八卦力號","NCHU","ND","苗栗縣南庄鄉農會苗栗縣南庄鄉中正路號",
132,1021009,"ORG2090099","有機阿里山轎篙筍","龍雲農產加工廠","嘉義縣竹崎鄉中和村石棹路號","TOC","ND","里仁事業股份有限公司苑裡分公司苑裡鎮新興路號樓",
133,1021009,"ORG2090100","有機不飽和葵花油","青荷國際有限公司","桃園市建國路號樓","bio Inspecta","ND","里仁事業股份有限公司苑裡分公司苑裡鎮新興路號樓",
134,1021024,"ORG2120082","有機冷壓葵花籽油","有機園生物科技股份有限公司","臺中市梧棲區港埠路段號","BioAgriCert s.r.l","ND","原食餐坊雲林縣斗六市南興街號",
135,1021024,"ORG2120083","有機可可粉","元氣功坊生機事業有限公司","臺南市永康區大灣路號","COAA","ND","原食餐坊雲林縣斗六市南興街號",
136,1021024,"ORG2120084","歐芙有機檸檬汁","有機園生物科技股份有限公司","臺中市梧棲區港埠路段號","BioAgriCert s.r.l","ND","原食餐坊雲林縣斗六市南興街號",
137,1021024,"ORG2120086","有機黑巧克力","泰宗生物科技股份有限公司","臺北市基湖路巷號","Prufverein Verarbeitung","ND","原食餐坊雲林縣斗六市南興街號",
138,1021022,"ORG2140100","有機豆漿（萌芽）","萬里香食品廠","桃園縣大溪鄉中央路號","UCS","ND","仁和園屏東縣潮州鎮三共里延平路之號",
139,1021022,"ORG2140101","有機太白粉","龍口食品企業股份有限公司","臺北市復興南路段巷樓之","COAA","ND","仁和園屏東縣潮州鎮三共里延平路之號",
140,1021022,"ORG2140102","有機黃豆","琦順國際企業有限公司","彰化縣永靖鄉竹子村竹西巷號","UCS","ND","仁和園屏東縣潮州鎮三共里延平路之號",
141,1021022,"ORG2140103","有機米（白米）","花蓮縣富里鄉有機米產銷班第二班","花蓮縣富里鄉富里村公埔路段號","TOC","ND","仁和園屏東縣潮州鎮三共里延平路之號",
142,1021015,"ORG2170001","有機胚芽米","民豐有機農場","宜蘭縣礁溪鄉吳沙村四結路號","TOAF","ND","里仁事業股份有限公司澎湖分公司澎湖縣馬公市朝陽村朝陽路號",
143,1021015,"ORG2170002","有機蕹菜","耕祥農場","臺南市善化區東昌里號","TOAF","ND","里仁事業股份有限公司澎湖分公司澎湖縣馬公市朝陽村朝陽路號",
144,1021016,"ORG2170003","有機鳳梨","統一生機開發股份有限公司","桃園縣中壢市定寧路號樓","TOC","ND","統一健康有機超市澎湖縣馬公市文光路號",
145,1021021,"ORG2190039","有機黃肉地瓜","有機會國際行銷有限公司簡弘倫","桃園縣平鎮市金陵路段巷號","UCS","ND","吉笙健康科技股份有限公司新竹市三民里民族路號樓",
1,1021216,"ORG2010461","小白菜","臺灣","北新有機休閒農場","新北市淡水區忠寮里演戲埔腳三之二號","TOC","ND","新北市淡水區忠寮里演戲埔腳三之二號"
2,1021216,"ORG2010462","菜","臺灣","北新有機休閒農場","新北市淡水區忠寮里演戲埔腳三之二號","TOC","ND","新北市淡水區忠寮里演戲埔腳三之二號"
3,1021216,"ORG2010463","蘿蔓（有機轉型期）","臺灣","鄭鵬舉","新北市淡水區頂田寮號","HOA","ND","新北市淡水區頂田寮號"
4,1021216,"ORG2010464","翠綠萵苣","臺灣","鄭鵬舉","新北市淡水區頂田寮號","HOA","ND","新北市淡水區頂田寮號"
5,1021216,"ORG2010465","美生菜","臺灣","鄭鵬舉","新北市淡水區頂田寮號","HOA","ND","新北市淡水區頂田寮號"
6,1021216,"ORG2010466","高麗菜","臺灣","盧建和","新北市淡水區牛埔仔號","HOA","ND","新北市淡水區牛埔仔號"
7,1021216,"ORG2010467","福山萵苣","臺灣","梁素秋","新北市淡水區中正路段巷之號樓","HOA","ND","新北市淡水區中正路段巷之號樓"
8,1021216,"ORG2010468","蘿蔓","臺灣","梁素秋","新北市淡水區中正路段巷之號樓","HOA","ND","新北市淡水區中正路段巷之號樓"
9,1021211,"ORG2030388","有機轉型期芹菜","臺灣","賴文進","臺中市西屯區何南里鄰大聖街號","TOPA","ND","臺中市新社區中和街段號"
10,1021211,"ORG2030389","有機轉型期蘿蔔","臺灣","賴文進","臺中市西屯區何南里鄰大聖街號","TOPA","ND","臺中市新社區中和街段號"
11,1021209,"ORG2070224","有機蕃茄","臺灣","楊司閎","桃園縣大溪鎮美華里坑底鄰號","FSII","ND","桃園縣大溪鎮美華里坑底鄰號"
12,1021209,"ORG2070225","有機綠豆芽","臺灣","黃文章","桃園縣大溪鎮新峰里鄰號","采園生態驗證有限公司","ND","桃園縣大溪鎮新峰里鄰號"
13,1021216,"ORG2070270","芥菜（有機）","臺灣","鄭瑞侃","楊梅市上田段號","TOC","ND","楊梅市上田段號"
14,1021216,"ORG2070271","有機芥菜","臺灣","詹錢宣","楊梅市民有路段號","TOC","ND","桃園縣楊梅市高榮段、號"
15,1021216,"ORG2070272","有機包心白菜","臺灣","詹錢宣","楊梅市民有路段號","TOC","ND","桃園縣楊梅市高榮段、號"
16,1021218,"ORG2100131","皺葉白菜","臺灣","羅秀鳳","彰化縣永靖鄉光雲村永興路段號","TOPA","ND","彰化縣社頭鄉湳西段號"
17,1021218,"ORG2100132","青江白菜","臺灣","劉士魁","彰化縣永靖鄉崙子村九分路巷號","TOPA","ND","彰化縣永靖鄉崙子村九分路巷號"
18,1021218,"ORG2100133","紅蘿蔔","臺灣","許榮文","彰化縣芳苑鄉漢寶村復興路號","TOPA","ND","彰化縣芳苑鄉漢寶村復興路號"
19,1021202,"ORG2110095","蕃茄","臺灣","鄭秀蓮（平安有機農場）","南投縣信義鄉東埔村鄰號","TOC","ND","鄭秀蓮（平安有機農場）南投縣信義鄉東埔村鄰號"
20,1021202,"ORG2110096","蕃茄","臺灣","司聖慰（獵寮有機農場）","南投縣信義鄉東埔村鄰開高巷號","TOC","ND","司聖慰（獵寮有機農場）南投縣信義鄉東埔村鄰開高巷號"
21,1021206,"ORG2110097","香水檸檬","臺灣","陳新豪（南平山道田農場）","南投縣埔里鎮南村里中山路段號","NCHU","ND","南投縣埔里鎮南村里中山路段號"
22,1021206,"ORG2110098","白柚","臺灣","陳新豪（南平山道田農場）","南投縣埔里鎮南村里中山路段號","NCHU","ND","南投縣埔里鎮南村里中山路段號"
23,1021206,"ORG2110099","芥菜","臺灣","彭正鋒（坤鋒有機農場）","南投縣埔里鎮覆金路號","COAA","ND","南投縣埔里鎮覆金路號"
24,1021224,"ORG2110113","芥菜（轉型期）","臺灣","劉冠伶","南投縣草屯鎮碧峰里鄰立人路巷弄號","TOPA","ND","南投縣草屯鎮碧峰里鄰立人路巷弄號"
25,1021224,"ORG2110114","南瓜","臺灣","林益照","南投縣草屯鎮碧峰里碧山路號","TOPA","ND","南投縣草屯鎮碧峰里碧山路號"
1,1021206,"ORG2010460","有機小白菜","臺灣","元茂農產股份有限公司","新北市五股區五工二路號","MOA","ND","元茂農產股份有限公司新北市五股區五工二路號（電話宅配商品）"
2,1021206,"ORG2020708","有機紅妍蔘棗茶","臺灣","簡單生活開發有限公司","新竹縣竹北市成功六街號樓","TOC","ND","棉花田生機園地股份有限公司臺北市信義區忠孝東路段號樓"
3,1021206,"ORG2020709","有機漢方養氣茶","臺灣","簡單生活開發有限公司","新竹縣竹北市成功六街號樓","TOC","ND","棉花田生機園地股份有限公司臺北市信義區忠孝東路段號樓"
4,1021226,"ORG2040189","萊玫絲有機瑪黛茶（橙橘）","阿根廷","三多士股份有限公司","臺北市大安區四維路巷號","阿根廷","ND","家福股份有限公司臺南市新營區健康路號"
5,1021226,"ORG2040191","有機紅豆","巴西","茂喜股份有限公司","新北市中和區連成路號之","UCS","ND","家福股份有限公司臺南市新營區健康路號"
6,1021226,"ORG2040192","有機黑豆","中國","綠指南貿易有限公司","新北市板橋區信義路巷號","FSII","ND","家福股份有限公司臺南市新營區健康路號"
7,1021207,"ORG2070244","好鮮有機蘋果汁","德國","活力陽光企業有限公司","屏東縣潮州鎮榮吉街號","LACON GmbH","ND","今晨有機蔬果店桃園縣平鎮市北勢里和平路號"
8,1021207,"ORG2070252","青田有機十穀健康糧","臺灣","青田農產有限公司","花蓮縣富里鄉富里村和平街號","TOC","ND","綠風小舖桃園縣中壢市義民路段號"
1,1030116,"ORG3070001","黑葉白菜","林聖智","桃園縣蘆竹鄉山腳村鄰南山北路段號","MOA","ND","桃園縣蘆竹鄉山腳村鄰南山北路段號",
2,1030116,"ORG3070002","廣島野菜","呂榮基","桃園縣蘆竹鄉宏竹村大華街巷號","MOA","ND","桃園縣蘆竹鄉宏竹村大華街巷號",
3,1030120,"ORG3070003","小松菜","黃照銘","桃園縣八德市溪尾段地號","ZHCERT","ND","桃園縣八德市溪尾段地號",
4,1030120,"ORG3070004","地瓜葉","莊玉泯","桃園縣平鎮市東勢小段號","ZHCERT","ND","桃園縣平鎮市東勢小段號",
5,1030120,"ORG3070005","芥菜","福田綜合農場（詹朱金）","桃園縣平鎮市東勢里鄰之號","MOA","ND","桃園縣平鎮市東勢里鄰之號",
6,1030120,"ORG3070006","地瓜葉","吳成富（沛芳農場）","桃園縣平鎮市東光路巷弄號","HOA","ND","桃園縣平鎮市東光路巷弄號",
7,1030120,"ORG3070007","油菜","沈朝揚","桃園縣平鎮市新光路段號","HOA","ND","桃園縣平鎮市新光路段號",
8,1030121,"ORG3070008","小松菜","添福有機農場（黃朝廷）","桃園縣大園鄉田心村鄰照鏡號","TOC","ND","桃園縣大園鄉田心村鄰照鏡號",
9,1030122,"ORG3070009","青江菜","陳志堅","桃園縣大溪鎮內柵段埔尾小段號","FOA","ND","桃園縣大溪鎮內柵段埔尾小段號",
10,1030122,"ORG3070010","蘿蔓","李世賢","桃園縣大溪鎮瑞興里鄰號","FOA","ND","桃園縣大溪鎮瑞興里鄰號",
11,1030122,"ORG3070011","小白菜","簡連獅","桃園縣大溪鎮南興里鄰號","FOA","ND","桃園縣大溪鎮南興里鄰號",
12,1030123,"ORG3070012","小白菜","陳文宜","桃園縣新屋鄉後庄段號","FOA","ND","桃園縣新屋鄉後庄段號",
13,1030123,"ORG3070013","福山萵苣","曾銀","桃園縣新屋鄉後庄村鄰後庄號","MOA","ND","桃園縣新屋鄉後庄村鄰後庄號",
14,1030123,"ORG3070014","青江菜","葉明松","桃園縣新屋鄉後庄村鄰後庄號","HOA","ND","桃園縣新屋鄉後庄村鄰後庄號",
15,1030123,"ORG3070015","茼蒿","廣福農場（徐麗秋）","桃園縣觀音鄉廣福村鄰新坡之號","TOC","ND","桃園縣觀音鄉廣福村鄰新坡之號",
16,1030123,"ORG3070016","地瓜葉","鄧武仁（豐實農場）","桃園縣楊梅市楊湖路段號","UCS","ND","桃園縣楊梅市楊湖路段號",
17,1030124,"ORG3070017","地瓜葉","詹錢宣","桃園縣楊梅市民有路段號","TOC","ND","桃園縣楊梅市民有路段號",
18,1030124,"ORG3070018","蘿蔓","台朔楊梅有機農場","桃園縣楊梅市楊湖路段巷弄號","ZHCERT","ND","桃園縣楊梅市楊湖路段巷弄號",
19,1030124,"ORG3070019","小白菜","劉又菱","桃園縣龍潭鄉銅鑼圈段號","TOPA","ND","桃園縣龍潭鄉銅鑼圈段號",
20,1030124,"ORG3070020","小白菜","良山農場（陳振賢）","桃園縣龍潭鄉高原村鄰號","FSII","ND","桃園縣龍潭鄉高原村鄰號",
21,1030124,"ORG3070021","蘿蔓","王寶珠","桃園縣龍潭鄉聖亭路號","HOA","ND","桃園縣龍潭鄉聖亭路號",
22,1030127,"ORG3070022","蘿美","李日貴","桃園市龍山段號","FOA","ND","桃園市龍山段號",
23,1030107,"ORG3130001","有機轉型期小黃瓜","謝水明（尚軒園有機農場）","嘉義縣六腳鄉崩山村後崩山號","HOA","ND","嘉義縣六腳鄉後崩山段崩山小段地號",
24,1030107,"ORG3130002","有機轉型期彩椒","謝水明（尚軒園有機農場）","嘉義縣六腳鄉崩山村後崩山號","HOA","ND","嘉義縣六腳鄉後崩山段崩山小段地號",
25,1030107,"ORG3130003","有機轉型期小黃瓜","周慶章（亞太有機農場）","嘉義縣六腳鄉崩山村之號","HOA","ND","嘉義縣六腳鄉後崩山段崩山小段地號",
26,1030107,"ORG3130004","有機轉型期甜菜根","周慶章（亞太有機農場）","嘉義縣六腳鄉崩山村之號","HOA","ND","嘉義縣六腳鄉後崩山段崩山小段地號",
27,1030107,"ORG3130005","有機轉型期敏豆","周慶章（亞太有機農場）","嘉義縣六腳鄉崩山村之號","HOA","ND","嘉義縣六腳鄉後崩山段崩山小段地號",
28,1030113,"ORG3130006","有機菠菜","葉豐仁","嘉義縣太保市麻寮里北港路段巷號","NCKU","ND","嘉義縣太保市過溝段過溝小段地號",
29,1030113,"ORG3130007","有機鵝白菜","葉豐仁","嘉義縣太保市麻寮里北港路段巷號","NCKU","ND","嘉義縣太保市過溝段過溝小段地號",
30,1030113,"ORG3130008","有機雪菜","葉豐仁","嘉義縣太保市麻寮里北港路段巷號","NCKU","ND","嘉義縣太保市過溝段過溝小段地號",
31,1030115,"ORG3130009","有機柳丁","張富翔（桃源自然農場）","嘉義縣竹崎鄉桃源村鄰號","TOC","ND","嘉義縣竹崎鄉內埔子段地號",
32,1030115,"ORG3130010","有機仙桃","張富翔（桃源自然農場）","嘉義縣竹崎鄉桃源村鄰號","TOC","ND","嘉義縣竹崎鄉內埔子段、地號",
33,1030115,"ORG3130011","有機香蕉","張富翔（桃源自然農場）","嘉義縣竹崎鄉桃源村鄰號","TOC","ND","嘉義縣竹崎鄉內埔子段、地號",
34,1030115,"ORG3130012","有機仙桃","張茂軒（惠植自然農場）","嘉義縣竹崎鄉桃源村鄰號","NCHU","ND","嘉義縣竹崎鄉內埔子段地號",
35,1030115,"ORG3130013","有機薑","張茂軒（惠植自然農場）","嘉義縣竹崎鄉桃源村鄰號","NCHU","ND","嘉義縣竹崎鄉內埔子段地號",
36,1030115,"ORG3130014","有機萊姆","張茂軒（惠植自然農場）","嘉義縣竹崎鄉桃源村鄰號","NCHU","ND","嘉義縣竹崎鄉內埔子段地號",
1,1030124,"ORG3040001","台灣有機黑豆","許哲榮（鴻旗有機休閒農場）","屏東縣高樹鄉泰山村產業路號","ZHCERT","ND","天然有機生活館臺南市勝利路號",
2,1030124,"ORG3040002","百奧維他有機葡萄汁","佰研生化科技股份有限公司","臺北市南港區園區街號之","bio","ND","天然有機生活館臺南市勝利路號",
3,1030124,"ORG3040003","有機德國酸菜","佰研生化科技股份有限公司","臺北市南港區園區街號之","OCIA","ND","天然有機生活館臺南市勝利路號",
4,1030124,"ORG3040004","南非國寶有機路易博士茶","簡單生活開發有限公司","新竹縣竹北市成功六街號","TOC","ND","天然有機生活館臺南市勝利路號",
5,1030124,"ORG3040005","有機黑木耳膠原飲","歐典食品工廠（股）公司","彰化縣埤頭鄉工業區興工路號","NCKU","ND","天然有機生活館臺南市勝利路號",
6,1030124,"ORG3040006","肯寶有機大紅棗","葆祥實業有限公司","新北市鶯歌區中正三路巷號","TOC","ND","天然有機生活館臺南市勝利路號",
7,1030120,"ORG3060001","草珠兒有機紅薏仁","薏珠顏農產加工廠","南投縣草屯鎮北勢里玉屏巷之號","ZHCERT","ND","統健實業股份有限公司宜蘭中山門市宜蘭縣宜蘭市中山路段號樓",
8,1030120,"ORG3060002","有機酵素黑木耳露","久甘露企業社","臺南市北區成德里育德路巷號樓","采園生態驗證公司","ND","統健實業股份有限公司宜蘭中山門市宜蘭縣宜蘭市中山路段號樓",
9,1030122,"ORG3100001","有機超大紅棗（內附有機枸杞）","有幾園生物科技股份有限公司","臺中市梧棲區港埠路段號","TOC","ND","青山有機生活館彰化市東民街號",
10,1030122,"ORG3100002","義大利有機蕃茄濃汁","智慧有機體股份有限公司","臺北市南京東路段號","CCPB srl","ND","青山有機生活館彰化市東民街號",
11,1030122,"ORG3100003","純有機糙米","嘉義縣太保市農會有機米產銷班","嘉義縣太保市太保里號","TOC","ND","青山有機生活館彰化市東民街號",
12,1030122,"ORG3100004","有機廚坊有機黑豆五穀麵","三風食品工業股份有限公司","臺中市大雅區民富街號","UCS","ND","青山有機生活館彰化市東民街號",
13,1030113,"ORG3110001","喜又美有機甘蔗糖蜜","裕國冷凍冷藏股份有限公司","南投市南崗工業區工業北路號","TOC","ND","裕國冷凍冷藏股份有限公司南投市南崗工業區工業北路號",
1,1030124,"ORG3040005","有機黑木耳膠原飲","歐典食品工廠（股）公司","彰化縣埤頭鄉工業區興工路號","NCKU","合格","天然有機生活館臺南市勝利路號",
